id,Name,Experience,Height,Weight,Abilitie 1,Abilitie 2,Abilitie 3,Move 1,Move 2,Move 3,Move 3,Move 5,Move 6,Move 7
1,bulbasaur,64,7,69,chlorophyll,overgrow,,razor-wind,swords-dance,cut,bind,vine-whip,headbutt,tackle
2,ivysaur,142,10,130,chlorophyll,overgrow,,swords-dance,cut,bind,vine-whip,headbutt,tackle,body-slam
3,venusaur,236,20,1000,chlorophyll,overgrow,,swords-dance,cut,bind,vine-whip,headbutt,tackle,body-slam
4,charmander,62,6,85,solar-power,blaze,,mega-punch,fire-punch,thunder-punch,scratch,swords-dance,cut,mega-kick
5,charmeleon,142,11,190,solar-power,blaze,,mega-punch,fire-punch,thunder-punch,scratch,swords-dance,cut,mega-kick
6,charizard,240,17,905,solar-power,blaze,,mega-punch,fire-punch,thunder-punch,scratch,swords-dance,cut,wing-attack
7,squirtle,63,5,90,rain-dish,torrent,,mega-punch,ice-punch,mega-kick,headbutt,tackle,body-slam,take-down
8,wartortle,142,10,225,rain-dish,torrent,,mega-punch,ice-punch,mega-kick,headbutt,tackle,body-slam,take-down
9,blastoise,239,16,855,rain-dish,torrent,,mega-punch,ice-punch,mega-kick,headbutt,tackle,body-slam,take-down
10,caterpie,39,3,29,run-away,shield-dust,,tackle,string-shot,snore,bug-bite,electroweb,,
11,metapod,72,7,99,shed-skin,,,string-shot,harden,iron-defense,bug-bite,electroweb,,
12,butterfree,178,11,320,tinted-lens,compound-eyes,,razor-wind,gust,whirlwind,take-down,double-edge,supersonic,psybeam
13,weedle,39,3,32,run-away,shield-dust,,poison-sting,string-shot,bug-bite,electroweb,,,
14,kakuna,72,6,100,shed-skin,,,string-shot,harden,iron-defense,bug-bite,electroweb,,
15,beedrill,178,10,295,sniper,swarm,,swords-dance,cut,fury-attack,take-down,double-edge,twineedle,pin-missile
16,pidgey,50,3,18,big-pecks,tangled-feet,keen-eye,razor-wind,gust,wing-attack,whirlwind,fly,sand-attack,tackle
17,pidgeotto,122,11,300,big-pecks,tangled-feet,keen-eye,razor-wind,gust,wing-attack,whirlwind,fly,sand-attack,tackle
18,pidgeot,216,15,395,big-pecks,tangled-feet,keen-eye,razor-wind,gust,wing-attack,whirlwind,fly,sand-attack,tackle
19,rattata,51,3,35,hustle,guts,run-away,cut,headbutt,tackle,body-slam,take-down,double-edge,tail-whip
20,raticate,145,7,185,hustle,guts,run-away,swords-dance,cut,headbutt,tackle,body-slam,take-down,double-edge
21,spearow,52,3,20,sniper,keen-eye,,razor-wind,whirlwind,fly,fury-attack,take-down,double-edge,leer
22,fearow,155,12,380,sniper,keen-eye,,razor-wind,whirlwind,fly,fury-attack,take-down,double-edge,leer
23,ekans,58,20,69,unnerve,shed-skin,intimidate,bind,slam,headbutt,body-slam,wrap,take-down,double-edge
24,arbok,157,35,650,unnerve,shed-skin,intimidate,bind,headbutt,body-slam,wrap,take-down,double-edge,poison-sting
25,pikachu,112,4,60,lightning-rod,static,,mega-punch,pay-day,thunder-punch,slam,mega-kick,headbutt,body-slam
26,raichu,218,8,300,lightning-rod,static,,mega-punch,pay-day,thunder-punch,mega-kick,headbutt,body-slam,take-down
27,sandshrew,60,6,120,sand-rush,sand-veil,,scratch,swords-dance,cut,sand-attack,headbutt,body-slam,take-down
28,sandslash,158,10,295,sand-rush,sand-veil,,scratch,swords-dance,cut,sand-attack,headbutt,body-slam,take-down
29,nidoran-f,55,4,70,hustle,rivalry,poison-point,scratch,cut,double-kick,headbutt,tackle,body-slam,take-down
30,nidorina,128,8,200,hustle,rivalry,poison-point,scratch,cut,double-kick,headbutt,horn-drill,tackle,body-slam
31,nidoqueen,227,13,600,sheer-force,rivalry,poison-point,mega-punch,pay-day,fire-punch,ice-punch,thunder-punch,scratch,cut
32,nidoran-m,55,5,90,hustle,rivalry,poison-point,cut,double-kick,headbutt,horn-attack,fury-attack,horn-drill,tackle
33,nidorino,128,9,195,hustle,rivalry,poison-point,cut,double-kick,headbutt,horn-attack,fury-attack,horn-drill,tackle
34,nidoking,227,14,620,sheer-force,rivalry,poison-point,mega-punch,pay-day,fire-punch,ice-punch,thunder-punch,cut,double-kick
35,clefairy,113,6,75,friend-guard,magic-guard,cute-charm,pound,double-slap,mega-punch,fire-punch,ice-punch,thunder-punch,mega-kick
36,clefable,217,13,400,unaware,magic-guard,cute-charm,double-slap,mega-punch,fire-punch,ice-punch,thunder-punch,mega-kick,headbutt
37,vulpix,60,6,99,drought,flash-fire,,headbutt,body-slam,take-down,double-edge,tail-whip,roar,disable
38,ninetales,177,11,199,drought,flash-fire,,headbutt,body-slam,take-down,double-edge,tail-whip,roar,ember
39,jigglypuff,95,5,55,friend-guard,competitive,cute-charm,pound,double-slap,mega-punch,fire-punch,ice-punch,thunder-punch,mega-kick
40,wigglytuff,196,10,120,frisk,competitive,cute-charm,double-slap,mega-punch,fire-punch,ice-punch,thunder-punch,mega-kick,headbutt
41,zubat,49,8,75,infiltrator,inner-focus,,razor-wind,gust,wing-attack,whirlwind,fly,take-down,double-edge
42,golbat,159,16,550,infiltrator,inner-focus,,razor-wind,wing-attack,whirlwind,fly,take-down,double-edge,bite
43,oddish,64,5,54,run-away,chlorophyll,,swords-dance,cut,take-down,double-edge,acid,absorb,mega-drain
44,gloom,138,8,86,stench,chlorophyll,,swords-dance,cut,take-down,double-edge,acid,absorb,mega-drain
45,vileplume,221,12,186,effect-spore,chlorophyll,,swords-dance,cut,body-slam,take-down,double-edge,acid,hyper-beam
46,paras,57,3,54,damp,dry-skin,effect-spore,scratch,swords-dance,cut,body-slam,take-down,double-edge,psybeam
47,parasect,142,10,295,damp,dry-skin,effect-spore,scratch,swords-dance,cut,body-slam,take-down,double-edge,hyper-beam
48,venonat,61,10,300,run-away,tinted-lens,compound-eyes,tackle,take-down,double-edge,supersonic,disable,psybeam,mega-drain
49,venomoth,158,15,125,wonder-skin,tinted-lens,shield-dust,razor-wind,gust,whirlwind,tackle,take-down,double-edge,supersonic
50,diglett,53,2,8,sand-force,arena-trap,sand-veil,scratch,cut,sand-attack,headbutt,body-slam,take-down,double-edge
51,dugtrio,149,7,333,sand-force,arena-trap,sand-veil,scratch,cut,sand-attack,body-slam,take-down,double-edge,growl
52,meowth,58,4,42,unnerve,technician,pickup,pay-day,scratch,cut,headbutt,body-slam,take-down,double-edge
53,persian,154,10,320,unnerve,technician,limber,pay-day,scratch,cut,headbutt,body-slam,take-down,double-edge
54,psyduck,64,8,196,swift-swim,cloud-nine,damp,mega-punch,pay-day,ice-punch,scratch,mega-kick,headbutt,body-slam
55,golduck,175,17,766,swift-swim,cloud-nine,damp,mega-punch,pay-day,ice-punch,scratch,mega-kick,headbutt,body-slam
56,mankey,61,5,280,defiant,anger-point,vital-spirit,karate-chop,mega-punch,pay-day,fire-punch,ice-punch,thunder-punch,scratch
57,primeape,159,10,320,defiant,anger-point,vital-spirit,karate-chop,mega-punch,pay-day,fire-punch,ice-punch,thunder-punch,scratch
58,growlithe,70,7,190,justified,flash-fire,intimidate,double-kick,headbutt,body-slam,take-down,thrash,double-edge,leer
59,arcanine,194,19,1550,justified,flash-fire,intimidate,headbutt,body-slam,take-down,double-edge,leer,bite,roar
60,poliwag,60,6,124,swift-swim,damp,water-absorb,double-slap,headbutt,body-slam,take-down,double-edge,mist,water-gun
61,poliwhirl,135,10,200,swift-swim,damp,water-absorb,double-slap,mega-punch,ice-punch,mega-kick,headbutt,body-slam,take-down
62,poliwrath,230,13,540,swift-swim,damp,water-absorb,double-slap,mega-punch,ice-punch,mega-kick,headbutt,body-slam,take-down
63,abra,62,9,195,magic-guard,inner-focus,synchronize,mega-punch,fire-punch,ice-punch,thunder-punch,mega-kick,headbutt,body-slam
64,kadabra,140,13,565,magic-guard,inner-focus,synchronize,mega-punch,fire-punch,ice-punch,thunder-punch,mega-kick,headbutt,body-slam
65,alakazam,225,15,480,magic-guard,inner-focus,synchronize,mega-punch,fire-punch,ice-punch,thunder-punch,mega-kick,headbutt,body-slam
66,machop,61,8,195,steadfast,no-guard,guts,karate-chop,mega-punch,fire-punch,ice-punch,thunder-punch,mega-kick,rolling-kick
67,machoke,142,15,705,steadfast,no-guard,guts,karate-chop,mega-punch,fire-punch,ice-punch,thunder-punch,mega-kick,headbutt
68,machamp,227,16,1300,steadfast,no-guard,guts,karate-chop,mega-punch,fire-punch,ice-punch,thunder-punch,mega-kick,headbutt
69,bellsprout,60,7,40,gluttony,chlorophyll,,swords-dance,cut,bind,slam,vine-whip,wrap,take-down
70,weepinbell,137,10,64,gluttony,chlorophyll,,swords-dance,cut,bind,slam,vine-whip,wrap,take-down
71,victreebel,221,17,155,gluttony,chlorophyll,,swords-dance,cut,bind,vine-whip,body-slam,wrap,take-down
72,tentacool,67,9,455,rain-dish,liquid-ooze,clear-body,swords-dance,cut,bind,wrap,take-down,double-edge,poison-sting
73,tentacruel,180,16,550,rain-dish,liquid-ooze,clear-body,swords-dance,cut,bind,wrap,take-down,double-edge,poison-sting
74,geodude,60,4,200,sand-veil,sturdy,rock-head,mega-punch,fire-punch,thunder-punch,headbutt,tackle,body-slam,take-down
75,graveler,137,10,1050,sand-veil,sturdy,rock-head,mega-punch,fire-punch,thunder-punch,headbutt,tackle,body-slam,take-down
76,golem,223,14,3000,sand-veil,sturdy,rock-head,mega-punch,fire-punch,thunder-punch,mega-kick,headbutt,tackle,body-slam
77,ponyta,82,10,300,flame-body,flash-fire,run-away,stomp,double-kick,headbutt,horn-drill,tackle,body-slam,take-down
78,rapidash,175,17,950,flame-body,flash-fire,run-away,stomp,headbutt,fury-attack,horn-drill,tackle,body-slam,take-down
79,slowpoke,63,12,360,regenerator,own-tempo,oblivious,pay-day,stomp,headbutt,tackle,body-slam,take-down,double-edge
80,slowbro,172,16,785,regenerator,own-tempo,oblivious,mega-punch,pay-day,ice-punch,mega-kick,headbutt,tackle,body-slam
81,magnemite,65,3,60,analytic,sturdy,magnet-pull,tackle,take-down,double-edge,supersonic,sonic-boom,thunder-shock,thunderbolt
82,magneton,163,10,600,analytic,sturdy,magnet-pull,tackle,take-down,double-edge,supersonic,sonic-boom,hyper-beam,thunder-shock
83,farfetchd,132,8,150,defiant,inner-focus,keen-eye,razor-wind,swords-dance,cut,gust,whirlwind,fly,sand-attack
84,doduo,62,14,392,tangled-feet,early-bird,run-away,swords-dance,whirlwind,fly,jump-kick,fury-attack,body-slam,take-down
85,dodrio,165,18,852,tangled-feet,early-bird,run-away,swords-dance,whirlwind,fly,jump-kick,fury-attack,body-slam,take-down
86,seel,65,11,900,ice-body,hydration,thick-fat,pay-day,slam,headbutt,horn-drill,body-slam,take-down,double-edge
87,dewgong,166,17,1200,ice-body,hydration,thick-fat,pay-day,headbutt,horn-drill,body-slam,take-down,double-edge,growl
88,grimer,65,9,300,poison-touch,sticky-hold,stench,pound,fire-punch,ice-punch,thunder-punch,body-slam,disable,flamethrower
89,muk,175,12,300,poison-touch,sticky-hold,stench,pound,fire-punch,ice-punch,thunder-punch,body-slam,disable,flamethrower
90,shellder,61,3,40,overcoat,skill-link,shell-armor,tackle,take-down,double-edge,twineedle,leer,supersonic,water-gun
91,cloyster,184,15,1325,overcoat,skill-link,shell-armor,take-down,double-edge,supersonic,water-gun,hydro-pump,surf,ice-beam
92,gastly,62,13,1,levitate,,,fire-punch,ice-punch,thunder-punch,disable,mega-drain,thunderbolt,thunder
93,haunter,142,16,1,levitate,,,fire-punch,ice-punch,thunder-punch,mega-drain,thunderbolt,thunder,toxic
94,gengar,225,15,405,cursed-body,,,mega-punch,fire-punch,ice-punch,thunder-punch,mega-kick,headbutt,body-slam
95,onix,77,88,2100,weak-armor,sturdy,rock-head,bind,slam,headbutt,tackle,body-slam,take-down,double-edge
96,drowzee,66,10,324,inner-focus,forewarn,insomnia,pound,mega-punch,fire-punch,ice-punch,thunder-punch,mega-kick,headbutt
97,hypno,169,16,756,inner-focus,forewarn,insomnia,pound,mega-punch,fire-punch,ice-punch,thunder-punch,mega-kick,headbutt
98,krabby,65,4,65,sheer-force,shell-armor,hyper-cutter,vice-grip,guillotine,swords-dance,cut,slam,stomp,body-slam
99,kingler,166,13,600,sheer-force,shell-armor,hyper-cutter,vice-grip,guillotine,swords-dance,cut,slam,stomp,body-slam
100,voltorb,66,5,104,aftermath,static,soundproof,headbutt,tackle,take-down,sonic-boom,thunderbolt,thunder-wave,thunder
101,electrode,172,12,666,aftermath,static,soundproof,headbutt,tackle,take-down,sonic-boom,hyper-beam,thunderbolt,thunder-wave
102,exeggcute,65,4,25,harvest,chlorophyll,,swords-dance,take-down,double-edge,strength,mega-drain,leech-seed,solar-beam
103,exeggutor,186,20,1200,harvest,chlorophyll,,swords-dance,stomp,headbutt,take-down,double-edge,hyper-beam,low-kick
104,cubone,64,4,65,battle-armor,lightning-rod,rock-head,mega-punch,fire-punch,thunder-punch,swords-dance,double-kick,mega-kick,headbutt
105,marowak,149,10,450,battle-armor,lightning-rod,rock-head,mega-punch,fire-punch,thunder-punch,swords-dance,mega-kick,headbutt,body-slam
106,hitmonlee,159,15,498,unburden,reckless,limber,mega-punch,double-kick,mega-kick,jump-kick,rolling-kick,headbutt,body-slam
107,hitmonchan,159,14,502,inner-focus,iron-fist,keen-eye,comet-punch,mega-punch,fire-punch,ice-punch,thunder-punch,mega-kick,headbutt
108,lickitung,77,12,655,cloud-nine,oblivious,own-tempo,mega-punch,fire-punch,ice-punch,thunder-punch,swords-dance,cut,bind
109,koffing,68,6,10,levitate,,,tackle,flamethrower,psybeam,thunderbolt,thunder,toxic,rage
110,weezing,172,12,95,levitate,,,tackle,flamethrower,hyper-beam,thunderbolt,thunder,toxic,rage
111,rhyhorn,69,10,1150,reckless,rock-head,lightning-rod,swords-dance,stomp,headbutt,horn-attack,fury-attack,horn-drill,body-slam
112,rhydon,170,19,1200,reckless,rock-head,lightning-rod,mega-punch,pay-day,fire-punch,ice-punch,thunder-punch,swords-dance,cut
113,chansey,395,11,346,healer,serene-grace,natural-cure,pound,double-slap,mega-punch,fire-punch,ice-punch,thunder-punch,mega-kick
114,tangela,87,10,350,regenerator,leaf-guard,chlorophyll,swords-dance,cut,bind,slam,vine-whip,headbutt,body-slam
115,kangaskhan,172,22,800,inner-focus,scrappy,early-bird,comet-punch,mega-punch,fire-punch,ice-punch,thunder-punch,cut,stomp
116,horsea,59,4,80,damp,sniper,swift-swim,razor-wind,headbutt,take-down,double-edge,leer,disable,water-gun
117,seadra,154,12,250,damp,sniper,poison-point,headbutt,take-down,double-edge,leer,water-gun,hydro-pump,surf
118,goldeen,64,6,150,lightning-rod,water-veil,swift-swim,horn-attack,fury-attack,horn-drill,body-slam,take-down,double-edge,tail-whip
119,seaking,158,13,390,lightning-rod,water-veil,swift-swim,horn-attack,fury-attack,horn-drill,take-down,double-edge,tail-whip,supersonic
120,staryu,68,8,345,analytic,natural-cure,illuminate,tackle,take-down,double-edge,supersonic,water-gun,hydro-pump,surf
121,starmie,182,11,800,analytic,natural-cure,illuminate,tackle,take-down,double-edge,water-gun,hydro-pump,surf,ice-beam
122,mr-mime,161,13,545,technician,filter,soundproof,double-slap,mega-punch,fire-punch,ice-punch,thunder-punch,mega-kick,headbutt
123,scyther,100,15,560,steadfast,technician,swarm,razor-wind,swords-dance,cut,wing-attack,headbutt,take-down,double-edge
124,jynx,159,14,406,dry-skin,forewarn,oblivious,pound,double-slap,mega-punch,ice-punch,mega-kick,headbutt,body-slam
125,electabuzz,172,11,300,vital-spirit,static,,mega-punch,fire-punch,ice-punch,thunder-punch,mega-kick,headbutt,body-slam
126,magmar,173,13,445,vital-spirit,flame-body,,mega-punch,fire-punch,thunder-punch,mega-kick,headbutt,body-slam,take-down
127,pinsir,175,15,550,moxie,mold-breaker,hyper-cutter,vice-grip,guillotine,swords-dance,cut,bind,headbutt,fury-attack
128,tauros,172,14,884,sheer-force,anger-point,intimidate,stomp,headbutt,horn-attack,horn-drill,tackle,body-slam,take-down
129,magikarp,40,9,100,rattled,swift-swim,,tackle,splash,flail,bounce,,,
130,gyarados,189,65,2350,moxie,intimidate,,headbutt,tackle,body-slam,take-down,thrash,double-edge,leer
131,lapras,187,25,2200,hydration,shell-armor,water-absorb,headbutt,horn-drill,body-slam,take-down,double-edge,growl,roar
132,ditto,101,3,40,imposter,limber,,transform,,,,,,
133,eevee,65,3,65,anticipation,adaptability,run-away,sand-attack,headbutt,tackle,body-slam,take-down,double-edge,tail-whip
134,vaporeon,184,10,290,hydration,water-absorb,,sand-attack,headbutt,tackle,body-slam,take-down,double-edge,tail-whip
135,jolteon,184,8,245,quick-feet,volt-absorb,,double-kick,sand-attack,headbutt,tackle,body-slam,take-down,double-edge
136,flareon,184,9,250,guts,flash-fire,,sand-attack,headbutt,tackle,body-slam,take-down,double-edge,tail-whip
137,porygon,79,8,365,analytic,download,trace,tackle,take-down,double-edge,ice-beam,blizzard,psybeam,hyper-beam
138,omanyte,71,4,75,weak-armor,shell-armor,swift-swim,bind,slam,headbutt,horn-attack,body-slam,take-down,double-edge
139,omastar,173,10,350,weak-armor,shell-armor,swift-swim,bind,headbutt,horn-attack,horn-drill,body-slam,take-down,double-edge
140,kabuto,71,5,115,weak-armor,battle-armor,swift-swim,scratch,sand-attack,body-slam,take-down,double-edge,leer,water-gun
141,kabutops,173,13,405,weak-armor,battle-armor,swift-swim,scratch,razor-wind,swords-dance,cut,mega-kick,sand-attack,headbutt
142,aerodactyl,180,18,590,unnerve,pressure,rock-head,razor-wind,wing-attack,whirlwind,fly,headbutt,take-down,double-edge
143,snorlax,189,21,4600,gluttony,thick-fat,immunity,mega-punch,pay-day,fire-punch,ice-punch,thunder-punch,whirlwind,mega-kick
144,articuno,261,17,554,snow-cloak,pressure,,razor-wind,gust,whirlwind,fly,take-down,double-edge,roar
145,zapdos,261,16,526,static,pressure,,razor-wind,whirlwind,fly,take-down,double-edge,roar,hyper-beam
146,moltres,261,20,600,flame-body,pressure,,razor-wind,wing-attack,whirlwind,fly,take-down,double-edge,leer
147,dratini,60,18,33,marvel-scale,shed-skin,,bind,slam,headbutt,body-slam,wrap,take-down,double-edge
148,dragonair,147,40,165,marvel-scale,shed-skin,,bind,slam,headbutt,horn-drill,body-slam,wrap,take-down
149,dragonite,270,22,2100,multiscale,inner-focus,,fire-punch,ice-punch,thunder-punch,razor-wind,cut,wing-attack,fly
150,mewtwo,306,20,1220,unnerve,pressure,,mega-punch,pay-day,fire-punch,ice-punch,thunder-punch,mega-kick,headbutt
151,mew,270,4,40,synchronize,,,pound,mega-punch,pay-day,fire-punch,ice-punch,thunder-punch,razor-wind
152,chikorita,64,9,64,leaf-guard,overgrow,,swords-dance,cut,vine-whip,headbutt,tackle,body-slam,double-edge
153,bayleef,142,12,158,leaf-guard,overgrow,,swords-dance,cut,headbutt,tackle,body-slam,double-edge,growl
154,meganium,236,18,1005,leaf-guard,overgrow,,swords-dance,cut,headbutt,tackle,body-slam,double-edge,growl
155,cyndaquil,62,5,79,flash-fire,blaze,,cut,double-kick,headbutt,tackle,body-slam,thrash,double-edge
156,quilava,142,9,190,flash-fire,blaze,,cut,headbutt,tackle,body-slam,double-edge,leer,roar
157,typhlosion,240,17,795,flash-fire,blaze,,mega-punch,fire-punch,thunder-punch,cut,mega-kick,headbutt,tackle
158,totodile,63,6,95,sheer-force,torrent,,mega-punch,ice-punch,scratch,razor-wind,swords-dance,cut,mega-kick
159,croconaw,142,11,250,sheer-force,torrent,,mega-punch,ice-punch,scratch,swords-dance,cut,mega-kick,headbutt
160,feraligatr,239,23,888,sheer-force,torrent,,mega-punch,ice-punch,scratch,swords-dance,cut,mega-kick,headbutt
161,sentret,43,8,60,frisk,keen-eye,run-away,fire-punch,ice-punch,thunder-punch,scratch,cut,slam,headbutt
162,furret,145,18,325,frisk,keen-eye,run-away,fire-punch,ice-punch,thunder-punch,scratch,cut,slam,headbutt
163,hoothoot,52,7,212,tinted-lens,keen-eye,insomnia,wing-attack,whirlwind,fly,tackle,take-down,double-edge,growl
164,noctowl,158,16,408,tinted-lens,keen-eye,insomnia,fly,tackle,take-down,double-edge,growl,hyper-beam,peck
165,ledyba,53,10,108,rattled,early-bird,swarm,comet-punch,mega-punch,ice-punch,thunder-punch,swords-dance,headbutt,tackle
166,ledian,137,14,356,iron-fist,early-bird,swarm,comet-punch,mega-punch,ice-punch,thunder-punch,swords-dance,headbutt,tackle
167,spinarak,50,5,85,sniper,insomnia,swarm,body-slam,double-edge,poison-sting,twineedle,pin-missile,sonic-boom,disable
168,ariados,140,11,335,sniper,insomnia,swarm,swords-dance,body-slam,double-edge,poison-sting,pin-missile,hyper-beam,absorb
169,crobat,241,18,750,infiltrator,inner-focus,,wing-attack,fly,double-edge,bite,supersonic,hyper-beam,absorb
170,chinchou,66,5,120,water-absorb,illuminate,volt-absorb,take-down,double-edge,supersonic,mist,water-gun,hydro-pump,surf
171,lanturn,161,12,225,water-absorb,illuminate,volt-absorb,take-down,double-edge,supersonic,water-gun,hydro-pump,surf,ice-beam
172,pichu,41,3,20,lightning-rod,static,,double-slap,mega-punch,thunder-punch,mega-kick,headbutt,body-slam,double-edge
173,cleffa,44,3,30,friend-guard,magic-guard,cute-charm,pound,mega-punch,mega-kick,headbutt,body-slam,double-edge,sing
174,igglybuff,42,3,10,friend-guard,competitive,cute-charm,pound,mega-punch,mega-kick,headbutt,body-slam,double-edge,sing
175,togepi,49,3,15,super-luck,serene-grace,hustle,mega-punch,mega-kick,headbutt,body-slam,double-edge,growl,flamethrower
176,togetic,142,6,32,super-luck,serene-grace,hustle,mega-punch,fly,mega-kick,headbutt,body-slam,double-edge,growl
177,natu,64,2,20,magic-bounce,early-bird,synchronize,double-edge,leer,peck,drill-peck,solar-beam,thunder-wave,toxic
178,xatu,165,15,150,magic-bounce,early-bird,synchronize,fly,double-edge,leer,hyper-beam,peck,solar-beam,thunder-wave
179,mareep,56,6,78,plus,static,,sand-attack,headbutt,tackle,body-slam,take-down,double-edge,growl
180,flaaffy,128,8,133,plus,static,,mega-punch,fire-punch,thunder-punch,mega-kick,headbutt,tackle,body-slam
181,ampharos,230,14,615,plus,static,,mega-punch,fire-punch,thunder-punch,mega-kick,headbutt,tackle,body-slam
182,bellossom,221,4,58,healer,chlorophyll,,swords-dance,cut,double-edge,hyper-beam,absorb,mega-drain,solar-beam
183,marill,88,4,85,sap-sipper,huge-power,thick-fat,mega-punch,ice-punch,mega-kick,headbutt,tackle,body-slam,double-edge
184,azumarill,189,8,285,sap-sipper,huge-power,thick-fat,mega-punch,ice-punch,mega-kick,headbutt,tackle,body-slam,double-edge
185,sudowoodo,144,12,380,rattled,rock-head,sturdy,mega-punch,fire-punch,ice-punch,thunder-punch,slam,mega-kick,headbutt
186,politoed,225,11,339,drizzle,damp,water-absorb,double-slap,mega-punch,ice-punch,mega-kick,headbutt,body-slam,double-edge
187,hoppip,50,4,5,infiltrator,leaf-guard,chlorophyll,pay-day,swords-dance,headbutt,tackle,double-edge,tail-whip,growl
188,skiploom,119,6,10,infiltrator,leaf-guard,chlorophyll,swords-dance,headbutt,tackle,double-edge,tail-whip,mega-drain,leech-seed
189,jumpluff,207,8,30,infiltrator,leaf-guard,chlorophyll,swords-dance,headbutt,tackle,double-edge,tail-whip,hyper-beam,mega-drain
190,aipom,72,8,115,skill-link,pickup,run-away,double-slap,mega-punch,fire-punch,ice-punch,thunder-punch,scratch,cut
191,sunkern,36,3,18,early-bird,solar-power,chlorophyll,swords-dance,cut,double-edge,absorb,mega-drain,leech-seed,growth
192,sunflora,149,8,85,early-bird,solar-power,chlorophyll,pound,swords-dance,cut,double-edge,hyper-beam,absorb,mega-drain
193,yanma,78,12,380,frisk,compound-eyes,speed-boost,wing-attack,whirlwind,headbutt,tackle,double-edge,supersonic,sonic-boom
194,wooper,42,4,85,unaware,water-absorb,damp,ice-punch,slam,double-kick,headbutt,body-slam,double-edge,tail-whip
195,quagsire,151,14,750,unaware,water-absorb,damp,mega-punch,ice-punch,slam,mega-kick,headbutt,body-slam,double-edge
196,espeon,184,9,265,magic-bounce,synchronize,,cut,sand-attack,headbutt,tackle,body-slam,double-edge,tail-whip
197,umbreon,184,10,270,inner-focus,synchronize,,cut,sand-attack,headbutt,tackle,body-slam,double-edge,tail-whip
198,murkrow,81,5,21,prankster,super-luck,insomnia,wing-attack,whirlwind,fly,double-edge,peck,drill-peck,thunder-wave
199,slowking,172,20,795,regenerator,own-tempo,oblivious,mega-punch,ice-punch,mega-kick,headbutt,tackle,body-slam,double-edge
200,misdreavus,87,7,10,levitate,,,headbutt,double-edge,growl,psybeam,thunderbolt,thunder-wave,thunder
201,unown,118,5,50,levitate,,,hidden-power,,,,,,
202,wobbuffet,142,13,285,telepathy,shadow-tag,,counter,destiny-bond,safeguard,mirror-coat,,,
203,girafarig,159,15,415,sap-sipper,early-bird,inner-focus,razor-wind,stomp,double-kick,headbutt,tackle,body-slam,take-down
204,pineco,58,6,72,overcoat,sturdy,,headbutt,tackle,body-slam,take-down,double-edge,pin-missile,counter
205,forretress,163,12,1258,overcoat,sturdy,,headbutt,tackle,body-slam,take-down,double-edge,hyper-beam,counter
206,dunsparce,145,15,140,rattled,run-away,serene-grace,bind,headbutt,body-slam,take-down,double-edge,bite,flamethrower
207,gligar,86,11,648,immunity,sand-veil,hyper-cutter,guillotine,razor-wind,swords-dance,cut,wing-attack,sand-attack,headbutt
208,steelix,179,92,4000,sheer-force,sturdy,rock-head,cut,bind,slam,headbutt,tackle,body-slam,double-edge
209,snubbull,60,6,78,rattled,run-away,intimidate,mega-punch,fire-punch,ice-punch,thunder-punch,mega-kick,headbutt,tackle
210,granbull,158,14,487,rattled,quick-feet,intimidate,mega-punch,fire-punch,ice-punch,thunder-punch,mega-kick,headbutt,tackle
211,qwilfish,88,5,39,intimidate,swift-swim,poison-point,swords-dance,headbutt,tackle,take-down,double-edge,poison-sting,pin-missile
212,scizor,175,18,1180,light-metal,technician,swarm,razor-wind,swords-dance,cut,headbutt,double-edge,leer,hyper-beam
213,shuckle,177,6,205,contrary,gluttony,sturdy,bind,headbutt,body-slam,wrap,double-edge,acid,strength
214,heracross,175,15,540,moxie,guts,swarm,swords-dance,cut,headbutt,horn-attack,fury-attack,tackle,body-slam
215,sneasel,86,9,280,pickpocket,keen-eye,inner-focus,ice-punch,scratch,swords-dance,cut,headbutt,double-edge,leer
216,teddiursa,66,6,88,honey-gather,quick-feet,pickup,mega-punch,fire-punch,ice-punch,thunder-punch,scratch,swords-dance,cut
217,ursaring,175,18,1258,unnerve,quick-feet,guts,mega-punch,fire-punch,ice-punch,thunder-punch,scratch,swords-dance,cut
218,slugma,50,7,350,weak-armor,flame-body,magma-armor,body-slam,double-edge,ember,flamethrower,rock-throw,toxic,mimic
219,magcargo,151,8,550,weak-armor,flame-body,magma-armor,body-slam,double-edge,ember,flamethrower,hyper-beam,strength,solar-beam
220,swinub,50,4,65,thick-fat,snow-cloak,oblivious,headbutt,tackle,body-slam,take-down,double-edge,bite,roar
221,piloswine,158,11,558,thick-fat,snow-cloak,oblivious,headbutt,horn-attack,fury-attack,body-slam,take-down,thrash,double-edge
222,corsola,144,6,50,regenerator,natural-cure,hustle,headbutt,tackle,body-slam,double-edge,mist,surf,ice-beam
223,remoraid,60,6,120,moody,sniper,hustle,double-edge,supersonic,flamethrower,water-gun,hydro-pump,surf,ice-beam
224,octillery,168,9,285,moody,sniper,suction-cups,bind,double-edge,flamethrower,water-gun,hydro-pump,surf,ice-beam
225,delibird,116,9,160,insomnia,hustle,vital-spirit,mega-punch,ice-punch,fly,mega-kick,headbutt,body-slam,double-edge
226,mantine,170,21,2200,water-veil,water-absorb,swift-swim,wing-attack,slam,headbutt,tackle,body-slam,take-down,double-edge
227,skarmory,163,17,505,weak-armor,sturdy,keen-eye,swords-dance,cut,whirlwind,fly,sand-attack,fury-attack,double-edge
228,houndour,66,6,108,unnerve,flash-fire,early-bird,headbutt,body-slam,double-edge,leer,bite,roar,ember
229,houndoom,175,14,350,unnerve,flash-fire,early-bird,headbutt,body-slam,double-edge,leer,bite,roar,ember
230,kingdra,243,18,1520,damp,sniper,swift-swim,headbutt,body-slam,double-edge,leer,water-gun,hydro-pump,surf
231,phanpy,66,5,335,sand-veil,pickup,,slam,headbutt,tackle,body-slam,take-down,double-edge,growl
232,donphan,175,11,1200,sand-veil,sturdy,,slam,headbutt,horn-attack,fury-attack,body-slam,double-edge,growl
233,porygon2,180,6,325,analytic,download,trace,tackle,double-edge,ice-beam,blizzard,psybeam,hyper-beam,solar-beam
234,stantler,163,14,712,sap-sipper,frisk,intimidate,stomp,double-kick,jump-kick,sand-attack,headbutt,tackle,body-slam
235,smeargle,88,12,580,moody,technician,own-tempo,sketch,,,,,,
236,tyrogue,42,7,210,vital-spirit,steadfast,guts,mega-kick,headbutt,tackle,body-slam,double-edge,low-kick,counter
237,hitmontop,159,14,480,steadfast,technician,intimidate,mega-kick,rolling-kick,headbutt,body-slam,double-edge,low-kick,counter
238,smoochum,61,4,60,hydration,forewarn,oblivious,pound,mega-punch,ice-punch,mega-kick,body-slam,double-edge,sing
239,elekid,72,6,235,vital-spirit,static,,karate-chop,mega-punch,fire-punch,ice-punch,thunder-punch,mega-kick,rolling-kick
240,magby,73,7,214,vital-spirit,flame-body,,karate-chop,mega-punch,fire-punch,thunder-punch,mega-kick,headbutt,body-slam
241,miltank,172,12,755,sap-sipper,scrappy,thick-fat,mega-punch,fire-punch,ice-punch,thunder-punch,stomp,mega-kick,headbutt
242,blissey,608,15,468,healer,serene-grace,natural-cure,pound,double-slap,mega-punch,fire-punch,ice-punch,thunder-punch,mega-kick
243,raikou,261,19,1780,inner-focus,pressure,,cut,headbutt,body-slam,double-edge,leer,bite,roar
244,entei,261,21,1980,inner-focus,pressure,,cut,stomp,headbutt,body-slam,double-edge,leer,bite
245,suicune,261,20,1870,inner-focus,pressure,,cut,gust,headbutt,body-slam,double-edge,leer,bite
246,larvitar,60,6,720,sand-veil,guts,,stomp,headbutt,body-slam,thrash,double-edge,leer,bite
247,pupitar,144,12,1520,shed-skin,,,headbutt,body-slam,thrash,double-edge,leer,bite,hyper-beam
248,tyranitar,270,20,2020,unnerve,sand-stream,,mega-punch,fire-punch,ice-punch,thunder-punch,cut,mega-kick,headbutt
249,lugia,306,52,2160,multiscale,pressure,,gust,whirlwind,fly,headbutt,body-slam,double-edge,roar
250,ho-oh,306,38,1990,regenerator,pressure,,gust,whirlwind,fly,double-edge,roar,flamethrower,hyper-beam
251,celebi,270,6,50,natural-cure,,,swords-dance,cut,double-edge,hyper-beam,leech-seed,solar-beam,thunder-wave
252,treecko,62,5,50,unburden,overgrow,,pound,mega-punch,thunder-punch,razor-wind,swords-dance,cut,slam
253,grovyle,142,9,216,unburden,overgrow,,pound,mega-punch,thunder-punch,swords-dance,cut,slam,mega-kick
254,sceptile,239,17,522,unburden,overgrow,,pound,mega-punch,thunder-punch,swords-dance,cut,slam,mega-kick
255,torchic,62,4,25,speed-boost,blaze,,mega-punch,scratch,swords-dance,cut,mega-kick,sand-attack,headbutt
256,combusken,142,9,195,speed-boost,blaze,,mega-punch,fire-punch,thunder-punch,scratch,swords-dance,cut,double-kick
257,blaziken,239,19,520,speed-boost,blaze,,mega-punch,fire-punch,thunder-punch,scratch,swords-dance,cut,double-kick
258,mudkip,62,4,76,damp,torrent,,stomp,headbutt,tackle,body-slam,take-down,double-edge,bite
259,marshtomp,142,7,280,damp,torrent,,mega-punch,ice-punch,mega-kick,headbutt,tackle,body-slam,take-down
260,swampert,241,15,819,damp,torrent,,mega-punch,ice-punch,mega-kick,headbutt,tackle,body-slam,take-down
261,poochyena,56,5,136,rattled,quick-feet,run-away,sand-attack,headbutt,tackle,body-slam,take-down,double-edge,leer
262,mightyena,147,10,370,moxie,quick-feet,intimidate,sand-attack,headbutt,tackle,body-slam,take-down,double-edge,bite
263,zigzagoon,56,4,175,quick-feet,gluttony,pickup,cut,sand-attack,headbutt,tackle,body-slam,take-down,double-edge
264,linoone,147,5,325,quick-feet,gluttony,pickup,cut,sand-attack,headbutt,tackle,body-slam,double-edge,tail-whip
265,wurmple,56,3,36,run-away,shield-dust,,tackle,poison-sting,string-shot,snore,bug-bite,electroweb,
266,silcoon,72,6,100,shed-skin,,,string-shot,harden,iron-defense,bug-bite,electroweb,,
267,beautifly,178,10,284,rivalry,swarm,,gust,whirlwind,double-edge,hyper-beam,absorb,mega-drain,solar-beam
268,cascoon,72,7,115,shed-skin,,,string-shot,harden,iron-defense,bug-bite,electroweb,,
269,dustox,173,12,316,compound-eyes,shield-dust,,gust,whirlwind,double-edge,psybeam,hyper-beam,solar-beam,poison-powder
270,lotad,44,5,26,own-tempo,rain-dish,swift-swim,swords-dance,headbutt,body-slam,double-edge,growl,mist,water-gun
271,lombre,119,12,325,own-tempo,rain-dish,swift-swim,fire-punch,ice-punch,thunder-punch,swords-dance,headbutt,body-slam,double-edge
272,ludicolo,216,15,550,own-tempo,rain-dish,swift-swim,mega-punch,fire-punch,ice-punch,thunder-punch,swords-dance,mega-kick,headbutt
273,seedot,44,5,40,pickpocket,early-bird,chlorophyll,razor-wind,swords-dance,headbutt,body-slam,take-down,double-edge,leech-seed
274,nuzleaf,119,10,280,pickpocket,early-bird,chlorophyll,pound,razor-wind,swords-dance,cut,mega-kick,headbutt,body-slam
275,shiftry,216,13,596,pickpocket,early-bird,chlorophyll,pound,swords-dance,cut,whirlwind,mega-kick,headbutt,body-slam
276,taillow,54,3,23,scrappy,guts,,wing-attack,whirlwind,fly,double-edge,growl,supersonic,peck
277,swellow,159,7,198,scrappy,guts,,wing-attack,fly,double-edge,growl,hyper-beam,peck,counter
278,wingull,54,6,95,rain-dish,hydration,keen-eye,gust,wing-attack,fly,double-edge,growl,supersonic,mist
279,pelipper,154,12,280,rain-dish,drizzle,keen-eye,wing-attack,fly,double-edge,growl,supersonic,mist,water-gun
280,ralts,40,4,66,telepathy,trace,synchronize,fire-punch,ice-punch,thunder-punch,headbutt,body-slam,double-edge,growl
281,kirlia,97,8,202,telepathy,trace,synchronize,fire-punch,ice-punch,thunder-punch,headbutt,body-slam,double-edge,growl
282,gardevoir,233,16,484,telepathy,trace,synchronize,fire-punch,ice-punch,thunder-punch,headbutt,body-slam,double-edge,growl
283,surskit,54,5,17,rain-dish,swift-swim,,double-edge,mist,hydro-pump,ice-beam,blizzard,psybeam,bubble-beam
284,masquerain,159,8,36,unnerve,intimidate,,gust,whirlwind,double-edge,ice-beam,blizzard,hyper-beam,solar-beam
285,shroomish,59,4,45,quick-feet,poison-heal,effect-spore,swords-dance,headbutt,tackle,body-slam,double-edge,absorb,mega-drain
286,breloom,161,12,392,technician,poison-heal,effect-spore,mega-punch,thunder-punch,swords-dance,cut,mega-kick,headbutt,tackle
287,slakoth,56,8,240,truant,,,mega-punch,fire-punch,ice-punch,thunder-punch,scratch,cut,mega-kick
288,vigoroth,154,14,465,vital-spirit,,,mega-punch,fire-punch,ice-punch,thunder-punch,scratch,cut,mega-kick
289,slaking,252,20,1305,truant,,,mega-punch,fire-punch,ice-punch,thunder-punch,scratch,cut,mega-kick
290,nincada,53,5,55,run-away,compound-eyes,,scratch,cut,gust,sand-attack,double-edge,absorb,solar-beam
291,ninjask,160,8,120,infiltrator,speed-boost,,scratch,swords-dance,cut,sand-attack,double-edge,hyper-beam,absorb
292,shedinja,83,8,12,wonder-guard,,,scratch,cut,sand-attack,double-edge,hyper-beam,absorb,solar-beam
293,whismur,48,6,163,rattled,soundproof,,pound,mega-punch,fire-punch,ice-punch,thunder-punch,stomp,mega-kick
294,loudred,126,10,405,scrappy,soundproof,,pound,mega-punch,fire-punch,ice-punch,thunder-punch,stomp,mega-kick
295,exploud,221,15,840,scrappy,soundproof,,pound,mega-punch,fire-punch,ice-punch,thunder-punch,stomp,mega-kick
296,makuhita,47,10,864,sheer-force,guts,thick-fat,mega-punch,fire-punch,ice-punch,thunder-punch,whirlwind,mega-kick,sand-attack
297,hariyama,166,23,2538,sheer-force,guts,thick-fat,mega-punch,fire-punch,ice-punch,thunder-punch,whirlwind,mega-kick,sand-attack
298,azurill,38,2,20,sap-sipper,huge-power,thick-fat,slam,headbutt,body-slam,double-edge,tail-whip,sing,water-gun
299,nosepass,75,10,970,sand-force,magnet-pull,sturdy,fire-punch,ice-punch,thunder-punch,headbutt,tackle,body-slam,double-edge
300,skitty,52,6,110,wonder-skin,normalize,cute-charm,double-slap,headbutt,tackle,body-slam,double-edge,tail-whip,growl
301,delcatty,140,11,326,wonder-skin,normalize,cute-charm,double-slap,headbutt,body-slam,double-edge,growl,sing,ice-beam
302,sableye,133,5,110,prankster,stall,keen-eye,mega-punch,fire-punch,ice-punch,thunder-punch,scratch,cut,mega-kick
303,mawile,133,6,115,sheer-force,intimidate,hyper-cutter,mega-punch,ice-punch,thunder-punch,vice-grip,swords-dance,slam,mega-kick
304,aron,66,4,600,heavy-metal,rock-head,sturdy,cut,stomp,headbutt,tackle,body-slam,take-down,double-edge
305,lairon,151,9,1200,heavy-metal,rock-head,sturdy,cut,headbutt,tackle,body-slam,take-down,double-edge,roar
306,aggron,239,21,3600,heavy-metal,rock-head,sturdy,mega-punch,fire-punch,ice-punch,thunder-punch,cut,mega-kick,headbutt
307,meditite,56,6,112,telepathy,pure-power,,mega-punch,fire-punch,ice-punch,thunder-punch,mega-kick,headbutt,body-slam
308,medicham,144,13,315,telepathy,pure-power,,mega-punch,fire-punch,ice-punch,thunder-punch,mega-kick,headbutt,body-slam
309,electrike,59,6,152,minus,lightning-rod,static,headbutt,tackle,body-slam,double-edge,leer,bite,roar
310,manectric,166,15,402,minus,lightning-rod,static,headbutt,tackle,body-slam,double-edge,leer,bite,roar
311,plusle,142,4,42,lightning-rod,plus,,mega-punch,thunder-punch,mega-kick,headbutt,body-slam,double-edge,growl
312,minun,142,4,42,volt-absorb,minus,,mega-punch,thunder-punch,mega-kick,headbutt,body-slam,double-edge,growl
313,volbeat,151,7,177,prankster,swarm,illuminate,mega-punch,ice-punch,thunder-punch,mega-kick,tackle,body-slam,double-edge
314,illumise,151,6,177,prankster,tinted-lens,oblivious,mega-punch,ice-punch,thunder-punch,mega-kick,tackle,body-slam,double-edge
315,roselia,140,3,20,leaf-guard,poison-point,natural-cure,swords-dance,cut,body-slam,double-edge,poison-sting,pin-missile,absorb
316,gulpin,60,4,103,gluttony,sticky-hold,liquid-ooze,pound,fire-punch,ice-punch,thunder-punch,headbutt,body-slam,double-edge
317,swalot,163,17,800,gluttony,sticky-hold,liquid-ooze,pound,fire-punch,ice-punch,thunder-punch,headbutt,body-slam,double-edge
318,carvanha,61,8,208,speed-boost,rough-skin,,take-down,thrash,double-edge,leer,bite,hydro-pump,surf
319,sharpedo,161,18,888,speed-boost,rough-skin,,double-edge,leer,bite,roar,surf,ice-beam,blizzard
320,wailmer,80,20,1300,pressure,oblivious,water-veil,headbutt,body-slam,thrash,double-edge,growl,roar,mist
321,wailord,175,145,3980,pressure,oblivious,water-veil,headbutt,body-slam,double-edge,growl,roar,mist,water-gun
322,numel,61,7,240,own-tempo,simple,oblivious,stomp,headbutt,tackle,body-slam,take-down,double-edge,growl
323,camerupt,161,19,2200,anger-point,solid-rock,magma-armor,headbutt,tackle,body-slam,take-down,double-edge,growl,roar
324,torkoal,165,5,804,shell-armor,drought,white-smoke,headbutt,body-slam,double-edge,ember,flamethrower,hyper-beam,strength
325,spoink,66,7,306,gluttony,own-tempo,thick-fat,whirlwind,headbutt,body-slam,double-edge,psybeam,thunder-wave,toxic
326,grumpig,165,9,715,gluttony,own-tempo,thick-fat,mega-punch,fire-punch,ice-punch,thunder-punch,mega-kick,headbutt,body-slam
327,spinda,126,11,50,contrary,tangled-feet,own-tempo,mega-punch,fire-punch,ice-punch,thunder-punch,mega-kick,headbutt,tackle
328,trapinch,58,7,150,sheer-force,arena-trap,hyper-cutter,gust,sand-attack,headbutt,body-slam,double-edge,bite,hyper-beam
329,vibrava,119,11,153,levitate,,,fly,sand-attack,headbutt,body-slam,double-edge,bite,supersonic
330,flygon,234,20,820,levitate,,,fire-punch,thunder-punch,fly,sand-attack,headbutt,body-slam,double-edge
331,cacnea,67,4,513,water-absorb,sand-veil,,mega-punch,thunder-punch,swords-dance,cut,sand-attack,headbutt,body-slam
332,cacturne,166,13,774,water-absorb,sand-veil,,mega-punch,thunder-punch,swords-dance,cut,mega-kick,sand-attack,headbutt
333,swablu,62,4,12,cloud-nine,natural-cure,,fly,fury-attack,body-slam,take-down,double-edge,growl,sing
334,altaria,172,11,206,cloud-nine,natural-cure,,fly,fury-attack,body-slam,take-down,double-edge,growl,roar
335,zangoose,160,13,403,toxic-boost,immunity,,mega-punch,fire-punch,ice-punch,thunder-punch,scratch,razor-wind,swords-dance
336,seviper,160,27,525,infiltrator,shed-skin,,swords-dance,bind,headbutt,body-slam,wrap,double-edge,bite
337,lunatone,161,10,1680,levitate,,,tackle,body-slam,double-edge,ice-beam,blizzard,hyper-beam,rock-throw
338,solrock,161,12,1540,levitate,,,tackle,body-slam,double-edge,flamethrower,hyper-beam,solar-beam,fire-spin
339,barboach,58,4,19,hydration,anticipation,oblivious,headbutt,take-down,thrash,double-edge,water-gun,hydro-pump,surf
340,whiscash,164,9,236,hydration,anticipation,oblivious,headbutt,thrash,double-edge,water-gun,surf,ice-beam,blizzard
341,corphish,62,6,115,adaptability,shell-armor,hyper-cutter,vice-grip,guillotine,swords-dance,cut,body-slam,double-edge,leer
342,crawdaunt,164,11,328,adaptability,shell-armor,hyper-cutter,vice-grip,guillotine,swords-dance,cut,body-slam,double-edge,leer
343,baltoy,60,5,215,levitate,,,headbutt,double-edge,ice-beam,psybeam,solar-beam,earthquake,dig
344,claydol,175,15,1080,levitate,,,headbutt,double-edge,ice-beam,psybeam,hyper-beam,strength,solar-beam
345,lileep,71,10,238,storm-drain,suction-cups,,swords-dance,bind,body-slam,double-edge,acid,mega-drain,solar-beam
346,cradily,173,15,604,storm-drain,suction-cups,,swords-dance,bind,headbutt,body-slam,double-edge,acid,hyper-beam
347,anorith,71,7,125,swift-swim,battle-armor,,scratch,swords-dance,cut,sand-attack,headbutt,body-slam,double-edge
348,armaldo,173,15,682,swift-swim,battle-armor,,scratch,swords-dance,cut,headbutt,body-slam,double-edge,water-gun
349,feebas,40,6,74,adaptability,oblivious,swift-swim,tackle,double-edge,mist,surf,ice-beam,blizzard,toxic
350,milotic,189,62,1620,cute-charm,competitive,marvel-scale,bind,body-slam,wrap,double-edge,water-gun,hydro-pump,surf
351,castform,147,3,8,forecast,,,headbutt,tackle,body-slam,double-edge,disable,ember,flamethrower
352,kecleon,154,10,220,protean,color-change,,mega-punch,fire-punch,ice-punch,thunder-punch,scratch,cut,bind
353,shuppet,59,6,23,cursed-body,frisk,insomnia,headbutt,body-slam,double-edge,disable,thunderbolt,thunder-wave,thunder
354,banette,159,11,125,cursed-body,frisk,insomnia,headbutt,body-slam,double-edge,hyper-beam,thunderbolt,thunder-wave,thunder
355,duskull,59,8,150,frisk,levitate,,headbutt,body-slam,double-edge,leer,disable,ice-beam,blizzard
356,dusclops,159,16,306,frisk,pressure,,mega-punch,fire-punch,ice-punch,thunder-punch,bind,mega-kick,headbutt
357,tropius,161,20,1000,harvest,solar-power,chlorophyll,razor-wind,swords-dance,cut,gust,whirlwind,fly,slam
358,chimecho,159,6,10,levitate,,,bind,wrap,take-down,double-edge,growl,disable,thunder-wave
359,absol,163,12,470,justified,super-luck,pressure,scratch,razor-wind,swords-dance,cut,headbutt,body-slam,double-edge
360,wynaut,52,6,140,telepathy,shadow-tag,,counter,splash,destiny-bond,charm,safeguard,encore,mirror-coat
361,snorunt,60,7,168,moody,ice-body,inner-focus,headbutt,body-slam,double-edge,leer,bite,disable,ice-beam
362,glalie,168,15,2565,moody,ice-body,inner-focus,headbutt,body-slam,double-edge,leer,bite,ice-beam,blizzard
363,spheal,58,8,395,oblivious,ice-body,thick-fat,headbutt,body-slam,double-edge,growl,water-gun,surf,ice-beam
364,sealeo,144,11,876,oblivious,ice-body,thick-fat,headbutt,body-slam,double-edge,growl,roar,water-gun,surf
365,walrein,239,14,1506,oblivious,ice-body,thick-fat,headbutt,body-slam,double-edge,growl,roar,water-gun,surf
366,clamperl,69,4,525,rattled,shell-armor,,body-slam,double-edge,supersonic,water-gun,surf,ice-beam,blizzard
367,huntail,170,17,270,water-veil,swift-swim,,bind,body-slam,double-edge,bite,hydro-pump,surf,ice-beam
368,gorebyss,170,18,226,hydration,swift-swim,,bind,body-slam,double-edge,hydro-pump,surf,ice-beam,blizzard
369,relicanth,170,10,234,sturdy,rock-head,swift-swim,headbutt,tackle,body-slam,take-down,double-edge,water-gun,hydro-pump
370,luvdisc,116,6,87,hydration,swift-swim,,tackle,take-down,double-edge,supersonic,water-gun,hydro-pump,surf
371,bagon,60,6,421,sheer-force,rock-head,,cut,headbutt,body-slam,thrash,double-edge,leer,bite
372,shelgon,147,11,1105,overcoat,rock-head,,cut,headbutt,body-slam,double-edge,leer,bite,roar
373,salamence,270,15,1026,moxie,intimidate,,cut,fly,headbutt,body-slam,double-edge,leer,bite
374,beldum,60,6,952,light-metal,clear-body,,headbutt,take-down,iron-defense,zen-headbutt,iron-head,,
375,metang,147,12,2025,light-metal,clear-body,,ice-punch,thunder-punch,cut,headbutt,body-slam,take-down,double-edge
376,metagross,270,16,5500,light-metal,clear-body,,ice-punch,thunder-punch,cut,headbutt,body-slam,take-down,double-edge
377,regirock,261,17,2300,sturdy,clear-body,,mega-punch,fire-punch,ice-punch,thunder-punch,stomp,mega-kick,headbutt
378,regice,261,18,1750,ice-body,clear-body,,mega-punch,ice-punch,thunder-punch,stomp,mega-kick,headbutt,body-slam
379,registeel,261,19,2050,light-metal,clear-body,,mega-punch,ice-punch,thunder-punch,stomp,mega-kick,headbutt,body-slam
380,latias,270,14,400,levitate,,,cut,fly,body-slam,double-edge,roar,surf,ice-beam
381,latios,270,20,600,levitate,,,cut,fly,body-slam,double-edge,roar,surf,ice-beam
382,kyogre,302,45,3520,drizzle,,,headbutt,body-slam,double-edge,roar,hydro-pump,surf,ice-beam
383,groudon,302,35,9500,drought,,,mega-punch,fire-punch,thunder-punch,swords-dance,cut,mega-kick,headbutt
384,rayquaza,306,70,2065,air-lock,,,swords-dance,fly,bind,headbutt,body-slam,double-edge,roar
385,jirachi,270,3,11,serene-grace,,,fire-punch,ice-punch,thunder-punch,headbutt,body-slam,double-edge,hyper-beam
386,deoxys-normal,270,17,608,pressure,,,fire-punch,ice-punch,thunder-punch,cut,bind,headbutt,body-slam
387,turtwig,64,4,102,shell-armor,overgrow,,swords-dance,cut,headbutt,tackle,body-slam,thrash,double-edge
388,grotle,142,11,970,shell-armor,overgrow,,swords-dance,cut,headbutt,tackle,bite,strength,absorb
389,torterra,236,22,3100,shell-armor,overgrow,,swords-dance,cut,headbutt,tackle,bite,roar,hyper-beam
390,chimchar,62,5,62,iron-fist,blaze,,fire-punch,thunder-punch,scratch,swords-dance,cut,double-kick,headbutt
391,monferno,142,9,220,iron-fist,blaze,,fire-punch,thunder-punch,scratch,swords-dance,cut,headbutt,leer
392,infernape,240,12,550,iron-fist,blaze,,fire-punch,thunder-punch,scratch,swords-dance,cut,headbutt,leer
393,piplup,63,4,52,defiant,torrent,,pound,cut,headbutt,fury-attack,growl,supersonic,mist
394,prinplup,142,8,230,defiant,torrent,,cut,headbutt,fury-attack,tackle,growl,mist,hydro-pump
395,empoleon,239,17,845,defiant,torrent,,swords-dance,cut,headbutt,fury-attack,tackle,growl,roar
396,starly,49,3,20,reckless,keen-eye,,wing-attack,whirlwind,fly,sand-attack,fury-attack,tackle,take-down
397,staravia,119,6,155,reckless,intimidate,,wing-attack,whirlwind,fly,tackle,take-down,growl,toxic
398,staraptor,218,12,249,reckless,intimidate,,wing-attack,whirlwind,fly,tackle,take-down,growl,hyper-beam
399,bidoof,50,5,200,moody,unaware,simple,swords-dance,cut,headbutt,tackle,take-down,double-edge,growl
400,bibarel,144,10,315,moody,unaware,simple,swords-dance,cut,headbutt,tackle,take-down,growl,water-gun
401,kricketot,39,3,22,run-away,shed-skin,,growl,string-shot,bide,snore,mud-slap,uproar,endeavor
402,kricketune,134,10,255,technician,swarm,,swords-dance,cut,growl,sing,hyper-beam,strength,absorb
403,shinx,53,5,95,guts,intimidate,rivalry,double-kick,headbutt,tackle,take-down,leer,bite,roar
404,luxio,127,9,305,guts,intimidate,rivalry,headbutt,tackle,leer,bite,roar,strength,thunderbolt
405,luxray,235,14,420,guts,intimidate,rivalry,headbutt,tackle,leer,bite,roar,hyper-beam,strength
406,budew,56,2,12,leaf-guard,poison-point,natural-cure,swords-dance,cut,pin-missile,absorb,mega-drain,growth,razor-leaf
407,roserade,232,9,145,technician,poison-point,natural-cure,swords-dance,cut,poison-sting,hyper-beam,mega-drain,solar-beam,toxic
408,cranidos,70,9,315,sheer-force,mold-breaker,,fire-punch,thunder-punch,swords-dance,whirlwind,slam,stomp,headbutt
409,rampardos,173,16,1025,sheer-force,mold-breaker,,fire-punch,thunder-punch,swords-dance,cut,headbutt,take-down,leer
410,shieldon,70,5,570,soundproof,sturdy,,headbutt,tackle,body-slam,take-down,double-edge,roar,flamethrower
411,bastiodon,173,13,1495,soundproof,sturdy,,headbutt,tackle,take-down,roar,flamethrower,ice-beam,blizzard
412,burmy,45,2,34,overcoat,shed-skin,,tackle,string-shot,snore,protect,hidden-power,bug-bite,electroweb
413,wormadam-plant,148,5,65,overcoat,anticipation,,tackle,psybeam,hyper-beam,growth,razor-leaf,solar-beam,string-shot
414,mothim,148,9,233,tinted-lens,swarm,,gust,tackle,psybeam,hyper-beam,solar-beam,poison-powder,string-shot
415,combee,49,3,55,hustle,honey-gather,,gust,string-shot,swift,snore,mud-slap,sweet-scent,endeavor
416,vespiquen,166,12,385,unnerve,pressure,,cut,gust,poison-sting,hyper-beam,string-shot,toxic,double-team
417,pachirisu,142,4,39,volt-absorb,pickup,run-away,thunder-punch,cut,headbutt,tail-whip,bite,growl,thunderbolt
418,buizel,66,7,295,water-veil,swift-swim,,double-slap,ice-punch,razor-wind,headbutt,growl,sonic-boom,water-gun
419,floatzel,173,11,335,water-veil,swift-swim,,ice-punch,razor-wind,headbutt,growl,roar,sonic-boom,water-gun
420,cherubi,55,4,33,chlorophyll,,,swords-dance,tackle,take-down,leech-seed,growth,razor-leaf,solar-beam
421,cherrim,158,5,93,flower-gift,,,swords-dance,tackle,take-down,hyper-beam,leech-seed,growth,solar-beam
422,shellos,65,3,63,sand-force,storm-drain,sticky-hold,headbutt,body-slam,mist,surf,ice-beam,blizzard,counter
423,gastrodon,166,9,299,sand-force,storm-drain,sticky-hold,headbutt,body-slam,surf,ice-beam,blizzard,hyper-beam,strength
424,ambipom,169,12,203,skill-link,pickup,technician,fire-punch,ice-punch,thunder-punch,scratch,cut,sand-attack,headbutt
425,drifloon,70,4,12,flare-boost,unburden,aftermath,cut,gust,bind,body-slam,disable,thunderbolt,thunder-wave
426,drifblim,174,12,150,flare-boost,unburden,aftermath,cut,gust,fly,bind,hyper-beam,thunderbolt,thunder-wave
427,buneary,70,4,55,limber,klutz,run-away,pound,fire-punch,ice-punch,thunder-punch,cut,jump-kick,headbutt
428,lopunny,168,12,333,limber,klutz,cute-charm,pound,fire-punch,ice-punch,thunder-punch,cut,jump-kick,headbutt
429,mismagius,173,9,44,levitate,,,headbutt,growl,hyper-beam,thunderbolt,thunder-wave,thunder,toxic
430,honchkrow,177,9,273,moxie,super-luck,insomnia,wing-attack,fly,hyper-beam,thunder-wave,toxic,psychic,double-team
431,glameow,62,5,39,keen-eye,own-tempo,limber,scratch,cut,sand-attack,headbutt,tail-whip,bite,growl
432,purugly,158,10,438,defiant,own-tempo,thick-fat,scratch,cut,headbutt,body-slam,growl,roar,hyper-beam
433,chingling,57,2,6,levitate,,,bind,wrap,growl,disable,thunder-wave,toxic,confusion
434,stunky,66,4,192,keen-eye,aftermath,stench,scratch,cut,headbutt,double-edge,leer,bite,roar
435,skuntank,168,10,380,keen-eye,aftermath,stench,scratch,cut,headbutt,bite,roar,flamethrower,hyper-beam
436,bronzor,60,5,605,heavy-metal,heatproof,levitate,tackle,solar-beam,earthquake,toxic,confusion,psychic,hypnosis
437,bronzong,175,13,1870,heavy-metal,heatproof,levitate,tackle,hyper-beam,strength,solar-beam,earthquake,toxic,confusion
438,bonsly,58,5,150,rattled,rock-head,sturdy,slam,headbutt,double-edge,low-kick,counter,rock-throw,dig
439,mime-jr,62,6,130,technician,filter,soundproof,double-slap,headbutt,psybeam,solar-beam,thunderbolt,thunder-wave,thunder
440,happiny,110,6,244,friend-guard,serene-grace,natural-cure,pound,headbutt,flamethrower,counter,solar-beam,thunder-wave,toxic
441,chatot,144,5,19,big-pecks,tangled-feet,keen-eye,fly,fury-attack,growl,sing,supersonic,peck,toxic
442,spiritomb,170,10,1080,infiltrator,pressure,,hyper-beam,toxic,psychic,hypnosis,double-team,smokescreen,confuse-ray
443,gible,60,7,205,rough-skin,sand-veil,,cut,sand-attack,headbutt,tackle,body-slam,take-down,thrash
444,gabite,144,14,560,rough-skin,sand-veil,,cut,sand-attack,headbutt,tackle,take-down,roar,flamethrower
445,garchomp,270,19,950,rough-skin,sand-veil,,swords-dance,cut,sand-attack,headbutt,tackle,take-down,roar
446,munchlax,78,6,1050,gluttony,thick-fat,pickup,fire-punch,ice-punch,thunder-punch,whirlwind,headbutt,tackle,body-slam
447,riolu,57,7,202,prankster,inner-focus,steadfast,ice-punch,thunder-punch,swords-dance,headbutt,bite,roar,low-kick
448,lucario,184,12,540,justified,inner-focus,steadfast,ice-punch,thunder-punch,swords-dance,headbutt,roar,hyper-beam,low-kick
449,hippopotas,66,8,495,sand-force,sand-stream,,whirlwind,sand-attack,headbutt,tackle,body-slam,take-down,double-edge
450,hippowdon,184,20,3000,sand-force,sand-stream,,sand-attack,headbutt,tackle,take-down,double-edge,bite,roar
451,skorupi,66,8,120,keen-eye,sniper,battle-armor,swords-dance,cut,whirlwind,sand-attack,headbutt,poison-sting,twineedle
452,drapion,175,13,615,keen-eye,sniper,battle-armor,swords-dance,cut,headbutt,poison-sting,pin-missile,leer,bite
453,croagunk,60,7,230,poison-touch,dry-skin,anticipation,ice-punch,thunder-punch,headbutt,poison-sting,low-kick,counter,strength
454,toxicroak,172,13,444,poison-touch,dry-skin,anticipation,ice-punch,thunder-punch,swords-dance,cut,headbutt,poison-sting,hyper-beam
455,carnivine,159,14,270,levitate,,,swords-dance,cut,bind,slam,vine-whip,bite,hyper-beam
456,finneon,66,4,70,water-veil,storm-drain,swift-swim,pound,gust,water-gun,surf,ice-beam,blizzard,psybeam
457,lumineon,161,12,240,water-veil,storm-drain,swift-swim,pound,gust,water-gun,surf,ice-beam,blizzard,hyper-beam
458,mantyke,69,10,650,water-veil,water-absorb,swift-swim,wing-attack,slam,headbutt,tackle,take-down,supersonic,hydro-pump
459,snover,67,10,505,soundproof,snow-warning,,ice-punch,swords-dance,stomp,headbutt,double-edge,leer,mist
460,abomasnow,173,22,1355,soundproof,snow-warning,,ice-punch,swords-dance,headbutt,leer,mist,ice-beam,blizzard
461,weavile,179,11,340,pickpocket,pressure,,ice-punch,scratch,swords-dance,cut,headbutt,leer,surf
462,magnezone,241,12,1800,analytic,sturdy,magnet-pull,tackle,supersonic,sonic-boom,hyper-beam,thunder-shock,thunderbolt,thunder-wave
463,lickilicky,180,17,1400,cloud-nine,oblivious,own-tempo,fire-punch,ice-punch,thunder-punch,swords-dance,cut,bind,slam
464,rhyperior,241,24,2828,reckless,solid-rock,lightning-rod,fire-punch,ice-punch,thunder-punch,swords-dance,cut,stomp,headbutt
465,tangrowth,187,20,1286,regenerator,leaf-guard,chlorophyll,swords-dance,cut,bind,slam,vine-whip,headbutt,hyper-beam
466,electivire,243,18,1386,vital-spirit,motor-drive,,fire-punch,ice-punch,thunder-punch,headbutt,leer,flamethrower,hyper-beam
467,magmortar,243,16,680,vital-spirit,flame-body,,fire-punch,thunder-punch,headbutt,leer,ember,flamethrower,hyper-beam
468,togekiss,245,15,380,super-luck,serene-grace,hustle,fly,headbutt,flamethrower,hyper-beam,solar-beam,thunder-wave,toxic
469,yanmega,180,19,515,frisk,tinted-lens,speed-boost,headbutt,tackle,supersonic,sonic-boom,hyper-beam,solar-beam,string-shot
470,leafeon,184,10,255,chlorophyll,leaf-guard,,swords-dance,sand-attack,headbutt,tackle,tail-whip,roar,hyper-beam
471,glaceon,184,8,259,ice-body,snow-cloak,,sand-attack,headbutt,tackle,tail-whip,bite,roar,ice-beam
472,gliscor,179,20,425,poison-heal,sand-veil,hyper-cutter,guillotine,swords-dance,cut,sand-attack,headbutt,hyper-beam,strength
473,mamoswine,239,25,2910,thick-fat,snow-cloak,oblivious,headbutt,fury-attack,take-down,thrash,roar,mist,ice-beam
474,porygon-z,241,9,340,analytic,download,adaptability,tackle,ice-beam,blizzard,psybeam,hyper-beam,solar-beam,thunderbolt
475,gallade,233,16,520,justified,steadfast,,fire-punch,ice-punch,thunder-punch,swords-dance,cut,headbutt,leer
476,probopass,184,14,3400,sand-force,magnet-pull,sturdy,fire-punch,ice-punch,thunder-punch,headbutt,tackle,hyper-beam,strength
477,dusknoir,236,22,1066,frisk,pressure,,fire-punch,ice-punch,thunder-punch,bind,headbutt,leer,disable
478,froslass,168,13,266,cursed-body,snow-cloak,,ice-punch,headbutt,leer,ice-beam,blizzard,hyper-beam,thunderbolt
479,rotom,154,3,3,levitate,,,thunder-shock,thunderbolt,thunder-wave,thunder,toxic,double-team,confuse-ray
480,uxie,261,3,3,levitate,,,fire-punch,ice-punch,thunder-punch,headbutt,hyper-beam,solar-beam,thunderbolt
481,mesprit,261,3,3,levitate,,,fire-punch,ice-punch,thunder-punch,headbutt,ice-beam,blizzard,hyper-beam
482,azelf,261,3,3,levitate,,,fire-punch,ice-punch,thunder-punch,headbutt,flamethrower,hyper-beam,thunderbolt
483,dialga,306,54,6830,telepathy,pressure,,cut,headbutt,roar,flamethrower,ice-beam,blizzard,hyper-beam
484,palkia,306,42,3360,telepathy,pressure,,cut,headbutt,roar,flamethrower,hydro-pump,surf,ice-beam
485,heatran,270,17,4300,flame-body,flash-fire,,headbutt,leer,roar,flamethrower,hyper-beam,strength,solar-beam
486,regigigas,302,37,4200,slow-start,,,mega-punch,fire-punch,ice-punch,thunder-punch,stomp,headbutt,hyper-beam
487,giratina-altered,306,45,7500,telepathy,pressure,,cut,fly,headbutt,roar,hyper-beam,strength,thunderbolt
488,cresselia,270,15,856,levitate,,,mist,ice-beam,aurora-beam,hyper-beam,solar-beam,thunder-wave,toxic
489,phione,216,4,31,hydration,,,supersonic,surf,ice-beam,blizzard,bubble-beam,toxic,double-team
490,manaphy,270,3,14,hydration,,,supersonic,surf,ice-beam,blizzard,bubble-beam,hyper-beam,toxic
491,darkrai,270,15,505,bad-dreams,,,swords-dance,cut,headbutt,disable,ice-beam,blizzard,hyper-beam
492,shaymin-land,270,2,21,natural-cure,,,swords-dance,headbutt,hyper-beam,leech-seed,growth,solar-beam,toxic
493,arceus,324,32,3200,multitype,,,swords-dance,cut,fly,headbutt,roar,flamethrower,surf
494,victini,270,4,40,victory-star,,,fire-punch,thunder-punch,headbutt,double-edge,flamethrower,hyper-beam,solar-beam
495,snivy,62,6,81,contrary,overgrow,,swords-dance,cut,bind,slam,vine-whip,tackle,wrap
496,servine,145,8,160,contrary,overgrow,,swords-dance,cut,bind,slam,vine-whip,tackle,wrap
497,serperior,238,33,630,contrary,overgrow,,swords-dance,cut,bind,slam,vine-whip,tackle,wrap
498,tepig,62,5,99,thick-fat,blaze,,tackle,body-slam,take-down,thrash,tail-whip,roar,ember
499,pignite,146,10,555,thick-fat,blaze,,fire-punch,thunder-punch,tackle,take-down,tail-whip,roar,ember
500,emboar,238,16,1500,reckless,blaze,,fire-punch,thunder-punch,tackle,take-down,tail-whip,roar,ember
501,oshawott,62,5,59,shell-armor,torrent,,swords-dance,cut,tackle,tail-whip,water-gun,hydro-pump,surf
502,dewott,145,8,245,shell-armor,torrent,,swords-dance,cut,tackle,tail-whip,water-gun,hydro-pump,surf
503,samurott,238,15,946,shell-armor,torrent,,swords-dance,cut,tackle,tail-whip,water-gun,hydro-pump,surf
504,patrat,51,5,116,analytic,keen-eye,run-away,swords-dance,cut,slam,sand-attack,tackle,leer,bite
505,watchog,147,11,270,analytic,keen-eye,illuminate,fire-punch,ice-punch,thunder-punch,swords-dance,cut,slam,sand-attack
506,lillipup,55,4,41,run-away,pickup,vital-spirit,sand-attack,tackle,take-down,leer,bite,roar,thunderbolt
507,herdier,130,9,147,scrappy,sand-rush,intimidate,tackle,take-down,leer,bite,roar,surf,strength
508,stoutland,225,12,610,scrappy,sand-rush,intimidate,tackle,take-down,leer,bite,roar,surf,hyper-beam
509,purrloin,56,4,101,prankster,unburden,limber,pay-day,scratch,cut,sand-attack,growl,thunder-wave,toxic
510,liepard,156,11,375,prankster,unburden,limber,scratch,cut,sand-attack,growl,hyper-beam,thunder-wave,toxic
511,pansage,63,6,105,overgrow,gluttony,,scratch,cut,vine-whip,leer,bite,low-kick,leech-seed
512,simisage,174,11,305,overgrow,gluttony,,cut,leer,hyper-beam,low-kick,solar-beam,dig,toxic
513,pansear,63,6,110,blaze,gluttony,,fire-punch,scratch,cut,leer,bite,flamethrower,low-kick
514,simisear,174,10,280,blaze,gluttony,,fire-punch,cut,leer,flamethrower,hyper-beam,low-kick,solar-beam
515,panpour,63,6,135,torrent,gluttony,,ice-punch,scratch,cut,leer,bite,water-gun,hydro-pump
516,simipour,174,10,290,torrent,gluttony,,ice-punch,cut,leer,surf,ice-beam,blizzard,hyper-beam
517,munna,58,6,233,telepathy,synchronize,forewarn,sonic-boom,psybeam,thunder-wave,toxic,psychic,hypnosis,double-team
518,musharna,170,11,605,telepathy,synchronize,forewarn,psybeam,hyper-beam,thunder-wave,toxic,psychic,hypnosis,double-team
519,pidove,53,3,21,rivalry,super-luck,big-pecks,razor-wind,gust,fly,leer,growl,toxic,hypnosis
520,tranquill,125,6,150,rivalry,super-luck,big-pecks,razor-wind,gust,fly,leer,growl,toxic,quick-attack
521,unfezant,220,12,290,rivalry,super-luck,big-pecks,razor-wind,gust,fly,leer,growl,hyper-beam,toxic
522,blitzle,59,8,298,sap-sipper,motor-drive,lightning-rod,stomp,double-kick,sand-attack,take-down,thrash,double-edge,tail-whip
523,zebstrika,174,16,795,sap-sipper,motor-drive,lightning-rod,stomp,thrash,tail-whip,hyper-beam,thunderbolt,thunder-wave,thunder
524,roggenrola,56,4,180,sand-force,weak-armor,sturdy,sand-attack,headbutt,tackle,take-down,strength,earthquake,toxic
525,boldore,137,9,1020,sand-force,weak-armor,sturdy,sand-attack,headbutt,tackle,strength,earthquake,toxic,double-team
526,gigalith,232,17,2600,sand-force,sand-stream,sturdy,sand-attack,headbutt,tackle,hyper-beam,strength,solar-beam,earthquake
527,woobat,65,4,21,simple,klutz,unaware,gust,fly,supersonic,thunder-wave,toxic,confusion,psychic
528,swoobat,149,9,105,simple,klutz,unaware,gust,fly,hyper-beam,thunder-wave,toxic,confusion,psychic
529,drilbur,66,3,85,mold-breaker,sand-force,sand-rush,scratch,swords-dance,cut,submission,strength,earthquake,fissure
530,excadrill,178,7,404,mold-breaker,sand-force,sand-rush,scratch,swords-dance,cut,horn-drill,hyper-beam,strength,earthquake
531,audino,390,11,310,klutz,regenerator,healer,pound,double-slap,fire-punch,ice-punch,thunder-punch,take-down,double-edge
532,timburr,61,6,125,iron-fist,sheer-force,guts,pound,comet-punch,fire-punch,ice-punch,thunder-punch,leer,low-kick
533,gurdurr,142,12,400,iron-fist,sheer-force,guts,pound,fire-punch,ice-punch,thunder-punch,leer,low-kick,strength
534,conkeldurr,227,14,870,iron-fist,sheer-force,guts,pound,fire-punch,ice-punch,thunder-punch,leer,hyper-beam,low-kick
535,tympole,59,5,45,water-absorb,hydration,swift-swim,growl,supersonic,mist,hydro-pump,surf,bubble-beam,toxic
536,palpitoad,134,8,170,water-absorb,hydration,swift-swim,growl,supersonic,hydro-pump,surf,bubble-beam,toxic,double-team
537,seismitoad,229,15,620,water-absorb,poison-touch,swift-swim,ice-punch,growl,supersonic,acid,hydro-pump,surf,bubble-beam
538,throh,163,13,555,mold-breaker,inner-focus,guts,fire-punch,ice-punch,thunder-punch,bind,body-slam,leer,low-kick
539,sawk,163,14,510,mold-breaker,inner-focus,sturdy,karate-chop,fire-punch,ice-punch,thunder-punch,double-kick,leer,low-kick
540,sewaddle,62,3,25,overcoat,chlorophyll,swarm,razor-wind,cut,tackle,razor-leaf,solar-beam,string-shot,toxic
541,swadloon,133,5,73,overcoat,chlorophyll,leaf-guard,cut,tackle,razor-leaf,solar-beam,string-shot,toxic,double-team
542,leavanny,225,12,205,overcoat,chlorophyll,swarm,swords-dance,cut,tackle,hyper-beam,razor-leaf,solar-beam,string-shot
543,venipede,52,4,53,speed-boost,swarm,poison-point,take-down,double-edge,poison-sting,twineedle,pin-missile,solar-beam,toxic
544,whirlipede,126,12,585,speed-boost,swarm,poison-point,double-edge,poison-sting,solar-beam,toxic,agility,screech,double-team
545,scolipede,218,25,2005,speed-boost,swarm,poison-point,swords-dance,cut,double-edge,poison-sting,hyper-beam,strength,solar-beam
546,cottonee,56,3,6,chlorophyll,infiltrator,prankster,absorb,mega-drain,leech-seed,growth,razor-leaf,solar-beam,poison-powder
547,whimsicott,168,7,66,chlorophyll,infiltrator,prankster,gust,hyper-beam,mega-drain,leech-seed,growth,solar-beam,toxic
548,petilil,56,5,66,leaf-guard,own-tempo,chlorophyll,cut,absorb,mega-drain,leech-seed,growth,solar-beam,stun-spore
549,lilligant,168,11,163,leaf-guard,own-tempo,chlorophyll,swords-dance,cut,hyper-beam,mega-drain,leech-seed,growth,solar-beam
550,basculin-red-striped,161,10,180,mold-breaker,adaptability,reckless,cut,headbutt,tackle,take-down,thrash,double-edge,tail-whip
551,sandile,58,7,152,anger-point,moxie,intimidate,cut,sand-attack,thrash,double-edge,leer,bite,roar
552,krokorok,123,10,334,anger-point,moxie,intimidate,cut,sand-attack,thrash,leer,bite,roar,low-kick
553,krookodile,234,15,963,anger-point,moxie,intimidate,cut,sand-attack,leer,bite,roar,hyper-beam,low-kick
554,darumaka,63,6,375,inner-focus,hustle,,fire-punch,headbutt,tackle,take-down,thrash,roar,flamethrower
555,darmanitan-standard,168,13,929,zen-mode,sheer-force,,fire-punch,headbutt,tackle,thrash,roar,flamethrower,hyper-beam
556,maractus,161,10,280,storm-drain,chlorophyll,water-absorb,pin-missile,peck,absorb,mega-drain,leech-seed,growth,solar-beam
557,dwebble,65,3,145,weak-armor,shell-armor,sturdy,swords-dance,cut,sand-attack,counter,strength,solar-beam,earthquake
558,crustle,170,14,2000,weak-armor,shell-armor,sturdy,swords-dance,cut,sand-attack,hyper-beam,strength,solar-beam,earthquake
559,scraggy,70,6,118,intimidate,moxie,shed-skin,fire-punch,ice-punch,thunder-punch,sand-attack,headbutt,leer,roar
560,scrafty,171,11,300,intimidate,moxie,shed-skin,fire-punch,ice-punch,thunder-punch,sand-attack,headbutt,leer,roar
561,sigilyph,172,14,140,tinted-lens,magic-guard,wonder-skin,gust,whirlwind,fly,ice-beam,psybeam,hyper-beam,solar-beam
562,yamask,61,5,15,mummy,,,disable,toxic,psychic,night-shade,double-team,haze,dream-eater
563,cofagrigus,169,17,765,mummy,,,disable,hyper-beam,toxic,psychic,night-shade,double-team,haze
564,tirtouga,71,7,165,swift-swim,sturdy,solid-rock,slam,body-slam,bite,water-gun,hydro-pump,surf,ice-beam
565,carracosta,173,12,810,swift-swim,sturdy,solid-rock,bite,water-gun,hydro-pump,surf,ice-beam,blizzard,hyper-beam
566,archen,71,5,95,defeatist,,,cut,wing-attack,thrash,leer,bite,roar,rock-throw
567,archeops,177,14,320,defeatist,,,cut,wing-attack,fly,thrash,leer,roar,hyper-beam
568,trubbish,66,6,310,aftermath,sticky-hold,stench,pound,double-slap,sand-attack,take-down,toxic,double-team,haze
569,garbodor,166,19,1073,aftermath,weak-armor,stench,pound,double-slap,body-slam,hyper-beam,solar-beam,thunderbolt,toxic
570,zorua,66,7,125,illusion,,,scratch,swords-dance,cut,leer,roar,counter,dig
571,zoroark,179,16,811,illusion,,,scratch,swords-dance,cut,leer,roar,flamethrower,hyper-beam
572,minccino,60,4,58,skill-link,technician,cute-charm,pound,double-slap,slam,tail-whip,growl,sing,thunderbolt
573,cinccino,165,5,75,skill-link,technician,cute-charm,sing,hyper-beam,thunderbolt,thunder-wave,thunder,dig,toxic
574,gothita,58,4,58,shadow-tag,competitive,frisk,pound,double-slap,psybeam,thunderbolt,thunder-wave,toxic,confusion
575,gothorita,137,7,180,shadow-tag,competitive,frisk,pound,double-slap,psybeam,thunderbolt,thunder-wave,toxic,confusion
576,gothitelle,221,15,440,shadow-tag,competitive,frisk,pound,double-slap,psybeam,hyper-beam,thunderbolt,thunder-wave,toxic
577,solosis,58,3,10,regenerator,magic-guard,overcoat,thunder-wave,thunder,toxic,psychic,night-shade,double-team,recover
578,duosion,130,6,80,regenerator,magic-guard,overcoat,thunder-wave,thunder,toxic,psychic,double-team,recover,light-screen
579,reuniclus,221,10,201,regenerator,magic-guard,overcoat,fire-punch,ice-punch,thunder-punch,hyper-beam,strength,thunder-wave,thunder
580,ducklett,61,5,55,hydration,big-pecks,keen-eye,gust,wing-attack,fly,water-gun,surf,ice-beam,bubble-beam
581,swanna,166,13,242,hydration,big-pecks,keen-eye,wing-attack,fly,water-gun,surf,ice-beam,bubble-beam,hyper-beam
582,vanillite,61,4,57,weak-armor,snow-cloak,ice-body,mist,ice-beam,blizzard,toxic,double-team,harden,light-screen
583,vanillish,138,11,410,weak-armor,snow-cloak,ice-body,mist,ice-beam,blizzard,toxic,double-team,harden,light-screen
584,vanilluxe,241,13,575,weak-armor,snow-warning,ice-body,mist,ice-beam,blizzard,hyper-beam,toxic,double-team,harden
585,deerling,67,6,195,serene-grace,sap-sipper,chlorophyll,double-kick,jump-kick,sand-attack,tackle,take-down,double-edge,growl
586,sawsbuck,166,19,925,serene-grace,sap-sipper,chlorophyll,swords-dance,cut,double-kick,jump-kick,sand-attack,tackle,take-down
587,emolga,150,4,50,motor-drive,static,,cut,tail-whip,thunder-shock,thunderbolt,thunder-wave,thunder,toxic
588,karrablast,63,5,59,no-guard,shed-skin,swarm,swords-dance,cut,headbutt,horn-attack,fury-attack,take-down,double-edge
589,escavalier,173,10,330,overcoat,shell-armor,swarm,swords-dance,cut,headbutt,fury-attack,double-edge,twineedle,leer
590,foongus,59,2,10,regenerator,effect-spore,,body-slam,absorb,mega-drain,growth,solar-beam,poison-powder,stun-spore
591,amoonguss,162,6,105,regenerator,effect-spore,,hyper-beam,absorb,mega-drain,growth,solar-beam,toxic,double-team
592,frillish,67,12,330,damp,cursed-body,water-absorb,bind,mist,hydro-pump,surf,ice-beam,blizzard,bubble-beam
593,jellicent,168,22,1350,damp,cursed-body,water-absorb,bind,hydro-pump,surf,ice-beam,blizzard,bubble-beam,hyper-beam
594,alomomola,165,12,316,regenerator,hydration,healer,pound,double-slap,mist,hydro-pump,surf,ice-beam,blizzard
595,joltik,64,1,6,swarm,unnerve,compound-eyes,cut,poison-sting,pin-missile,disable,absorb,string-shot,thunderbolt
596,galvantula,165,8,143,swarm,unnerve,compound-eyes,cut,hyper-beam,absorb,string-shot,thunderbolt,thunder-wave,thunder
597,ferroseed,61,6,188,iron-barbs,,,tackle,pin-missile,leech-seed,solar-beam,thunderbolt,thunder-wave,toxic
598,ferrothorn,171,10,1100,anticipation,iron-barbs,,swords-dance,cut,tackle,pin-missile,hyper-beam,strength,solar-beam
599,klink,60,3,210,clear-body,minus,plus,vice-grip,bind,hyper-beam,thunder-shock,thunderbolt,thunder-wave,toxic
600,klang,154,6,510,clear-body,minus,plus,vice-grip,bind,hyper-beam,thunder-shock,thunderbolt,thunder-wave,toxic
601,klinklang,234,6,810,clear-body,minus,plus,vice-grip,bind,hyper-beam,thunder-shock,thunderbolt,thunder-wave,thunder
602,tynamo,55,2,3,levitate,,,tackle,thunder-wave,spark,magnet-rise,charge-beam,,
603,eelektrik,142,12,220,levitate,,,bind,headbutt,thrash,acid,thunderbolt,thunder-wave,thunder
604,eelektross,232,21,805,levitate,,,fire-punch,thunder-punch,cut,bind,headbutt,thrash,roar
605,elgyem,67,5,90,analytic,synchronize,telepathy,headbutt,growl,disable,psybeam,thunderbolt,thunder-wave,toxic
606,beheeyem,170,10,345,analytic,synchronize,telepathy,headbutt,growl,psybeam,hyper-beam,thunderbolt,thunder-wave,toxic
607,litwick,55,3,31,infiltrator,flame-body,flash-fire,acid,ember,flamethrower,solar-beam,fire-spin,toxic,psychic
608,lampent,130,6,130,infiltrator,flame-body,flash-fire,ember,flamethrower,solar-beam,fire-spin,toxic,psychic,night-shade
609,chandelure,234,10,343,infiltrator,flame-body,flash-fire,flamethrower,hyper-beam,solar-beam,toxic,psychic,double-team,confuse-ray
610,axew,64,6,180,unnerve,mold-breaker,rivalry,scratch,guillotine,razor-wind,swords-dance,cut,leer,roar
611,fraxure,144,10,360,unnerve,mold-breaker,rivalry,scratch,guillotine,swords-dance,cut,leer,roar,low-kick
612,haxorus,243,18,1055,unnerve,mold-breaker,rivalry,scratch,guillotine,swords-dance,cut,leer,roar,surf
613,cubchoo,61,5,85,rattled,slush-rush,snow-cloak,ice-punch,cut,thrash,growl,surf,ice-beam,blizzard
614,beartic,177,26,2600,swift-swim,slush-rush,snow-cloak,ice-punch,swords-dance,cut,thrash,growl,roar,surf
615,cryogonal,180,11,1480,levitate,,,bind,mist,ice-beam,blizzard,aurora-beam,hyper-beam,solar-beam
616,shelmet,61,4,77,overcoat,shell-armor,hydration,body-slam,double-edge,acid,absorb,mega-drain,toxic,double-team
617,accelgor,173,8,253,unburden,sticky-hold,hydration,hyper-beam,absorb,mega-drain,toxic,agility,quick-attack,double-team
618,stunfisk,165,7,110,sand-veil,limber,static,tackle,water-gun,surf,thunder-shock,thunderbolt,thunder-wave,thunder
619,mienfoo,70,9,200,reckless,regenerator,inner-focus,pound,double-slap,swords-dance,jump-kick,low-kick,strength,dig
620,mienshao,179,14,355,reckless,regenerator,inner-focus,pound,double-slap,swords-dance,jump-kick,hyper-beam,low-kick,strength
621,druddigon,170,16,1390,mold-breaker,sheer-force,rough-skin,fire-punch,thunder-punch,scratch,cut,leer,bite,roar
622,golett,61,10,920,no-guard,klutz,iron-fist,pound,mega-punch,fire-punch,ice-punch,thunder-punch,ice-beam,low-kick
623,golurk,169,28,3300,no-guard,klutz,iron-fist,pound,mega-punch,fire-punch,ice-punch,thunder-punch,fly,ice-beam
624,pawniard,68,5,102,pressure,inner-focus,defiant,scratch,guillotine,swords-dance,cut,headbutt,leer,low-kick
625,bisharp,172,16,700,pressure,inner-focus,defiant,scratch,guillotine,swords-dance,cut,leer,hyper-beam,low-kick
626,bouffalant,172,16,946,soundproof,sap-sipper,reckless,swords-dance,cut,stomp,headbutt,horn-attack,fury-attack,thrash
627,rufflet,70,5,105,hustle,sheer-force,keen-eye,cut,wing-attack,whirlwind,fly,fury-attack,thrash,leer
628,braviary,179,15,410,defiant,sheer-force,keen-eye,cut,wing-attack,whirlwind,fly,fury-attack,thrash,leer
629,vullaby,74,5,90,weak-armor,overcoat,big-pecks,cut,gust,whirlwind,fly,fury-attack,leer,toxic
630,mandibuzz,179,12,395,weak-armor,overcoat,big-pecks,cut,gust,whirlwind,fly,fury-attack,leer,hyper-beam
631,heatmor,169,14,580,white-smoke,flash-fire,gluttony,fire-punch,thunder-punch,cut,bind,tackle,body-slam,wrap
632,durant,169,3,330,truant,hustle,swarm,vice-grip,guillotine,cut,sand-attack,bite,strength,thunder-wave
633,deino,60,8,173,hustle,,,slam,headbutt,tackle,body-slam,bite,roar,strength
634,zweilous,147,14,500,hustle,,,slam,headbutt,body-slam,bite,roar,strength,dragon-rage
635,hydreigon,270,18,1600,levitate,,,fly,slam,headbutt,body-slam,bite,roar,flamethrower
636,larvesta,72,11,288,swarm,flame-body,,take-down,thrash,double-edge,ember,flamethrower,absorb,solar-beam
637,volcarona,248,16,460,swarm,flame-body,,gust,whirlwind,fly,thrash,ember,flamethrower,hyper-beam
638,cobalion,261,21,2500,justified,,,swords-dance,cut,double-kick,take-down,leer,roar,hyper-beam
639,terrakion,261,19,2600,justified,,,swords-dance,cut,double-kick,take-down,leer,roar,hyper-beam
640,virizion,261,20,2000,justified,,,swords-dance,cut,double-kick,take-down,leer,roar,hyper-beam
641,tornadus-incarnate,261,15,630,defiant,prankster,,gust,fly,thrash,bite,hyper-beam,strength,toxic
642,thundurus-incarnate,261,15,610,defiant,prankster,,thunder-punch,fly,thrash,bite,hyper-beam,strength,thunder-shock
643,reshiram,306,32,3300,turboblaze,,,cut,fly,flamethrower,hyper-beam,strength,solar-beam,dragon-rage
644,zekrom,306,29,3450,teravolt,,,thunder-punch,cut,fly,hyper-beam,strength,dragon-rage,thunderbolt
645,landorus-incarnate,270,15,680,sheer-force,sand-force,,swords-dance,fly,hyper-beam,strength,rock-throw,earthquake,fissure
646,kyurem,297,30,3250,pressure,,,cut,fly,ice-beam,blizzard,hyper-beam,strength,dragon-rage
647,keldeo-ordinary,261,14,485,justified,,,swords-dance,cut,double-kick,take-down,leer,roar,hydro-pump
648,meloetta-aria,270,6,65,serene-grace,,,fire-punch,ice-punch,thunder-punch,sing,psybeam,hyper-beam,low-kick
649,genesect,270,15,825,download,,,fly,flamethrower,ice-beam,blizzard,hyper-beam,solar-beam,thunderbolt
650,chespin,63,4,90,bulletproof,overgrow,,thunder-punch,swords-dance,cut,vine-whip,tackle,body-slam,take-down
651,quilladin,142,7,290,bulletproof,overgrow,,thunder-punch,swords-dance,cut,vine-whip,tackle,body-slam,take-down
652,chesnaught,239,16,900,bulletproof,overgrow,,thunder-punch,swords-dance,cut,vine-whip,tackle,body-slam,take-down
653,fennekin,61,4,94,magician,blaze,,scratch,cut,tail-whip,ember,flamethrower,psybeam,solar-beam
654,braixen,143,10,145,magician,blaze,,fire-punch,thunder-punch,scratch,cut,tail-whip,ember,flamethrower
655,delphox,240,15,390,magician,blaze,,fire-punch,thunder-punch,scratch,cut,tail-whip,ember,flamethrower
656,froakie,63,3,70,protean,torrent,,pound,cut,growl,hydro-pump,surf,ice-beam,blizzard
657,frogadier,142,6,109,protean,torrent,,pound,ice-punch,cut,growl,hydro-pump,surf,ice-beam
658,greninja,239,15,400,protean,torrent,,pound,ice-punch,cut,growl,hydro-pump,surf,ice-beam
659,bunnelby,47,4,50,huge-power,cheek-pouch,pickup,double-slap,cut,double-kick,tackle,take-down,leer,surf
660,diggersby,148,10,424,huge-power,cheek-pouch,pickup,double-slap,fire-punch,ice-punch,thunder-punch,swords-dance,cut,double-kick
661,fletchling,56,3,17,gale-wings,big-pecks,,razor-wind,swords-dance,fly,tackle,growl,peck,toxic
662,fletchinder,134,7,160,gale-wings,flame-body,,razor-wind,swords-dance,fly,tackle,growl,ember,flamethrower
663,talonflame,175,12,245,gale-wings,flame-body,,razor-wind,swords-dance,fly,tackle,growl,ember,flamethrower
664,scatterbug,40,3,25,friend-guard,compound-eyes,shield-dust,tackle,poison-powder,stun-spore,string-shot,bug-bite,rage-powder,
665,spewpa,75,3,84,friend-guard,shed-skin,,harden,protect,iron-defense,bug-bite,electroweb,,
666,vivillon,185,12,170,friend-guard,compound-eyes,shield-dust,gust,supersonic,psybeam,hyper-beam,solar-beam,poison-powder,stun-spore
667,litleo,74,6,135,moxie,unnerve,rivalry,headbutt,tackle,take-down,leer,roar,ember,flamethrower
668,pyroar,177,15,815,moxie,unnerve,rivalry,headbutt,tackle,take-down,leer,roar,ember,flamethrower
669,flabebe,61,1,1,symbiosis,flower-veil,,vine-whip,tackle,razor-leaf,solar-beam,petal-dance,toxic,psychic
670,floette,130,2,9,symbiosis,flower-veil,,vine-whip,tackle,razor-leaf,solar-beam,petal-dance,toxic,psychic
671,florges,248,11,100,symbiosis,flower-veil,,hyper-beam,solar-beam,petal-dance,toxic,psychic,double-team,light-screen
672,skiddo,70,9,310,grass-pelt,sap-sipper,,vine-whip,tackle,take-down,double-edge,tail-whip,roar,surf
673,gogoat,186,17,910,grass-pelt,sap-sipper,,vine-whip,tackle,take-down,double-edge,tail-whip,roar,surf
674,pancham,70,6,80,scrappy,mold-breaker,iron-fist,karate-chop,comet-punch,fire-punch,ice-punch,thunder-punch,swords-dance,cut
675,pangoro,173,21,1360,scrappy,mold-breaker,iron-fist,karate-chop,comet-punch,fire-punch,ice-punch,thunder-punch,swords-dance,cut
676,furfrou,165,12,280,fur-coat,,,sand-attack,headbutt,tackle,take-down,tail-whip,bite,growl
677,espurr,71,3,35,own-tempo,infiltrator,keen-eye,scratch,cut,leer,psybeam,thunderbolt,thunder-wave,toxic
678,meowstic-male,163,6,85,prankster,infiltrator,keen-eye,scratch,cut,leer,psybeam,hyper-beam,thunderbolt,thunder-wave
679,honedge,65,8,20,no-guard,,,swords-dance,cut,tackle,toxic,double-team,reflect,rest
680,doublade,157,8,45,no-guard,,,swords-dance,cut,tackle,toxic,double-team,reflect,rest
681,aegislash-shield,234,17,530,stance-change,,,swords-dance,cut,hyper-beam,toxic,double-team,reflect,rest
682,spritzee,68,2,5,aroma-veil,healer,,disable,thunderbolt,toxic,psychic,double-team,light-screen,reflect
683,aromatisse,162,8,155,aroma-veil,healer,,hyper-beam,thunderbolt,thunder,toxic,psychic,double-team,light-screen
684,swirlix,68,4,35,unburden,sweet-veil,,tackle,flamethrower,surf,thunderbolt,toxic,psychic,double-team
685,slurpuff,168,8,50,unburden,sweet-veil,,tackle,flamethrower,surf,hyper-beam,thunderbolt,toxic,psychic
686,inkay,58,4,35,infiltrator,suction-cups,contrary,cut,bind,tackle,flamethrower,psybeam,peck,thunderbolt
687,malamar,169,15,470,infiltrator,suction-cups,contrary,cut,bind,tackle,flamethrower,psybeam,hyper-beam,peck
688,binacle,61,5,310,pickpocket,sniper,tough-claws,scratch,swords-dance,cut,sand-attack,water-gun,surf,ice-beam
689,barbaracle,175,13,960,pickpocket,sniper,tough-claws,scratch,swords-dance,cut,sand-attack,water-gun,surf,ice-beam
690,skrelp,64,5,73,adaptability,poison-touch,poison-point,tackle,tail-whip,acid,water-gun,hydro-pump,surf,thunderbolt
691,dragalge,173,18,815,adaptability,poison-touch,poison-point,tackle,tail-whip,acid,water-gun,hydro-pump,surf,hyper-beam
692,clauncher,66,5,83,mega-launcher,,,vice-grip,swords-dance,cut,water-gun,surf,ice-beam,bubble-beam
693,clawitzer,100,13,353,mega-launcher,,,vice-grip,swords-dance,cut,water-gun,surf,ice-beam,bubble-beam
694,helioptile,58,5,60,solar-power,sand-veil,dry-skin,pound,razor-wind,cut,tail-whip,surf,thunder-shock,thunderbolt
695,heliolisk,168,10,210,solar-power,sand-veil,dry-skin,fire-punch,thunder-punch,razor-wind,cut,surf,hyper-beam,low-kick
696,tyrunt,72,8,260,sturdy,strong-jaw,,stomp,horn-drill,tackle,thrash,tail-whip,bite,roar
697,tyrantrum,182,25,2700,rock-head,strong-jaw,,stomp,horn-drill,tackle,thrash,tail-whip,bite,roar
698,amaura,72,13,252,snow-warning,refrigerate,,take-down,growl,roar,mist,ice-beam,blizzard,aurora-beam
699,aurorus,104,27,2250,snow-warning,refrigerate,,take-down,growl,roar,mist,ice-beam,blizzard,aurora-beam
700,sylveon,184,10,235,pixilate,cute-charm,,cut,sand-attack,tackle,tail-whip,hyper-beam,dig,toxic
701,hawlucha,175,8,215,mold-breaker,unburden,limber,karate-chop,fire-punch,thunder-punch,swords-dance,cut,wing-attack,fly
702,dedenne,151,2,22,plus,pickup,cheek-pouch,thunder-punch,cut,tackle,tail-whip,thunder-shock,thunderbolt,thunder-wave
703,carbink,100,3,57,sturdy,clear-body,,tackle,rock-throw,toxic,psychic,double-team,harden,light-screen
704,goomy,60,3,28,gooey,hydration,sap-sipper,tackle,body-slam,counter,absorb,thunderbolt,toxic,double-team
705,sliggoo,158,8,175,gooey,hydration,sap-sipper,tackle,body-slam,ice-beam,blizzard,absorb,thunderbolt,toxic
706,goodra,270,20,1505,gooey,hydration,sap-sipper,fire-punch,thunder-punch,tackle,body-slam,flamethrower,ice-beam,blizzard
707,klefki,165,2,30,magician,prankster,,cut,tackle,hyper-beam,thunder-wave,toxic,psychic,double-team
708,phantump,62,4,70,harvest,frisk,natural-cure,cut,tackle,strength,leech-seed,growth,solar-beam,dig
709,trevenant,166,15,710,harvest,frisk,natural-cure,cut,tackle,hyper-beam,strength,leech-seed,growth,solar-beam
710,pumpkaboo-average,67,4,50,insomnia,frisk,pickup,disable,flamethrower,leech-seed,razor-leaf,solar-beam,toxic,psychic
711,gourgeist-average,173,9,125,insomnia,frisk,pickup,flamethrower,hyper-beam,leech-seed,razor-leaf,solar-beam,toxic,psychic
712,bergmite,61,10,995,sturdy,ice-body,own-tempo,tackle,take-down,double-edge,bite,mist,surf,ice-beam
713,avalugg,180,20,5050,sturdy,ice-body,own-tempo,tackle,body-slam,take-down,double-edge,bite,roar,surf
714,noibat,49,5,80,telepathy,infiltrator,frisk,razor-wind,cut,gust,wing-attack,whirlwind,fly,tackle
715,noivern,187,15,850,telepathy,infiltrator,frisk,razor-wind,cut,gust,wing-attack,whirlwind,fly,tackle
716,xerneas,306,30,2150,fairy-aura,,,cut,take-down,roar,aurora-beam,hyper-beam,thunderbolt,thunder-wave
717,yveltal,306,58,2030,dark-aura,,,razor-wind,cut,fly,disable,hyper-beam,toxic,psychic
718,zygarde,270,50,3050,aura-break,,,bind,bite,hyper-beam,strength,earthquake,dig,toxic
719,diancie,270,7,88,clear-body,,,tackle,hyper-beam,rock-throw,toxic,psychic,double-team,harden
720,hoopa,270,5,90,magician,,,fire-punch,ice-punch,thunder-punch,psybeam,hyper-beam,thunderbolt,thunder-wave
721,volcanion,270,17,1950,water-absorb,,,cut,stomp,body-slam,take-down,roar,flamethrower,mist
